source,source_id,source_ref,latitude,longitude,state,district,location_description,landslide_type,trigger,event_date,temporal_precision,fatalities,injuries,location_accuracy,original_record_reference,valid_coordinates,valid_date,duplicate_source_id,duplicate_coordinates
NASA_GLC,11502,1537380,23.71701896,91.61577214,Tripura,,"Dhanlekha Kaipeng, Gomati district, Tripura, India",landslide,downpour,2018-05-20,day,1,2,1km,The Times of India,TRUE,TRUE,FALSE,FALSE
NASA_GLC,9982,1537439,26.3312531,94.55427723,Nagaland,,"Chuchuyimpang, Mokokchung, Nagaland",landslide,downpour,2017-07-01,day,0,0,1km,WebIndia123,TRUE,TRUE,FALSE,FALSE
NASA_GLC,9829,1537443,27.06992579,93.6146564,Arunachal Pradesh,,,landslide,unknown,2017-06-19,day,1,0,1km,Arunachal Times,TRUE,TRUE,FALSE,FALSE
NASA_GLC,9785,1537460,27.54295099,88.59676956,Sikkim,,"Toong-Sankalang road between Saffo and Ship-Gyer, North Sikkim",landslide,rain,2017-05-26,day,0,0,5km,Assam Tribune,TRUE,TRUE,FALSE,FALSE
NASA_GLC,9932,1537464,27.10647226,93.65975252,Arunachal Pradesh,,"Dree Festival Ground, NH-415, Arunachal Pradesh, India",landslide,downpour,2017-07-01,day,0,0,exact,The Arunachal Times,TRUE,TRUE,FALSE,FALSE
NASA_GLC,2042,1537501,26.0093,94.5238,Nagaland,,"Zunheboto, Nagaland",mudslide,monsoon,2010-07-06,day,0,0,5km,morungexpress,TRUE,TRUE,FALSE,FALSE
NASA_GLC,2026,1537526,25.4916,91.2698,Meghalaya,,"Borsorsa(?), West Khasi Hills, Meghalaya",landslide,downpour,2010-06-28,day,0,0,50km,neinews,TRUE,TRUE,FALSE,FALSE
NASA_GLC,247,1537528,25.0604,93.9877,Manipur,,"Lower Shajouba village near Tadubi along NH 39, Manipur",landslide,rain,2007-09-08,day,0,0,50km,kanglaonline.com,TRUE,TRUE,FALSE,FALSE
NASA_GLC,5552,1537567,25.0985,94.3619,Manipur,,"Ukhrul, Manipur",landslide,unknown,2013-09-24,day,0,0,5km,www.morungexpress.com,TRUE,TRUE,FALSE,FALSE
NASA_GLC,1961,1537575,25.8833,91.2,Assam,,"Ishok Chingphu(?), Bishnupur, Assam",landslide,downpour,2010-06-09,day,0,0,50km,e-pao.net,TRUE,TRUE,FALSE,FALSE
NASA_GLC,6971,1537592,27.0987,93.816,Arunachal Pradesh,,"Itanagar, Arunachal Pradesh",landslide,continuous_rain,2015-06-09,day,2,2,5km,First Post,TRUE,TRUE,FALSE,FALSE
NASA_GLC,9051,1537649,26.09748244,91.8744337,Assam,,"12th Mile area at Jorabat, Meghalaya, India",landslide,unknown,2016-07-19,day,0,1,25km,NELIVE (North East Live),TRUE,TRUE,FALSE,FALSE
NASA_GLC,6107,1537683,26.1844,91.7896,Assam,,Bamunimaidam,landslide,continuous_rain,2014-06-26,day,1,0,5km,Two Circles,TRUE,TRUE,FALSE,FALSE
NASA_GLC,4556,1537697,27.1675,88.3651,Sikkim,,"Namchi to Phongla, Namchi to Melli ,Namchi to Sumbuk",landslide,downpour,2012-09-16,day,0,0,5km,business-standard,TRUE,TRUE,FALSE,FALSE
NASA_GLC,2587,1537703,25.6623,94.1072,Nagaland,,"Lower Chandmari area, PWD department, Kohima, Manipur",landslide,downpour,2010-10-10,day,0,0,1km,morungexpress,TRUE,TRUE,FALSE,FALSE
NASA_GLC,1102,1537726,27.2644,88.1365,Sikkim,,"Sombaria, West Sikkim",landslide,downpour,2009-08-19,day,2,0,10km,beacononline.wordpress,TRUE,TRUE,FALSE,FALSE
NASA_GLC,7313,1537754,24.1077,94.0396,Manipur,,Joumol of Chandel district,landslide,continuous_rain,2015-08-01,day,21,0,25km,Sangai Express,TRUE,TRUE,FALSE,FALSE
NASA_GLC,2568,1539061,24.7679,93.4108,Manipur,,"Nungba, Tamenglong, Manipur",landslide,downpour,2010-10-08,day,0,0,25km,assamtribune,TRUE,TRUE,FALSE,FALSE
NASA_GLC,5300,1539081,25.318,94.0441,Manipur,,"Senapati, Manipur",landslide,downpour,2013-08-09,day,0,0,50km,e-pao.net,TRUE,TRUE,FALSE,FALSE
NASA_GLC,4861,1539086,24.9926,93.4946,Manipur,,"Khongsang, Tamenglong, Manipur,",mudslide,rain,2013-05-12,day,0,0,25km,www.e-pao.net,TRUE,TRUE,FALSE,FALSE
NASA_GLC,5584,1539087,26.1665,91.7049,Assam,,"Nilachal Hill, Guwahati, Assam",landslide,downpour,2013-10-06,day,0,0,5km,articles.timesofindia.indiatimes.com,TRUE,TRUE,FALSE,FALSE
NASA_GLC,1986,1539089,26.3335,94.5512,Nagaland,,"Fazl Ali College, Mokokchung, Nagaland",landslide,downpour,2010-06-15,day,0,0,1km,morungexpress,TRUE,TRUE,FALSE,FALSE
NASA_GLC,2043,1539101,26.7225,95.0281,Nagaland,,"Mon, Nagaland",mudslide,monsoon,2010-07-06,day,0,0,5km,morungexpress,TRUE,TRUE,FALSE,FALSE
NASA_GLC,6786,1539109,24.6108,92.562,Assam,,,landslide,mining,2015-02-19,day,2,1,5km,Business Standard,TRUE,TRUE,FALSE,FALSE
NASA_GLC,4848,1539120,24.0896,91.4663,Tripura,,"Purba Simna, Tripura",landslide,rain,2013-05-08,day,1,0,5km,www.upi.com,TRUE,TRUE,FALSE,FALSE
NASA_GLC,2249,1539152,26.0814,94.803,Nagaland,,"Kiphire-Tuensang rd, Nagaland",landslide,downpour,2010-08-14,day,0,0,25km,morungexpress,TRUE,TRUE,FALSE,FALSE
NASA_GLC,7780,1539159,23.3572,92.7878,Mizoram,,Sailam village,landslide,continuous_rain,2015-08-26,day,1,0,5km,Indian Express,TRUE,TRUE,FALSE,FALSE
NASA_GLC,1996,1539160,26.4333,94.8833,Nagaland,,"Shayoung Ward(?), Longleng, Nagaland",landslide,downpour,2010-06-17,day,0,0,25km,morungexpress,TRUE,TRUE,FALSE,FALSE
NASA_GLC,147,1539208,22.533,92.899,Mizoram,,Lawngtlai,landslide,downpour,2007-07-30,day,0,0,25km,Red Cross - Field reports,TRUE,TRUE,FALSE,FALSE
NASA_GLC,130,1539210,26.1699,91.7986,Assam,,Guwahati,landslide,rain,2007-07-19,day,6,0,25km,Saharas Samay,TRUE,TRUE,FALSE,FALSE
NASA_GLC,11405,1539300,26.07821691,94.72071068,Nagaland,,"Chessore, Tuensang, Nagaland",landslide,continuous_rain,2018-05-12,day,0,0,1km,Nagaland Post,TRUE,TRUE,FALSE,FALSE
NASA_GLC,11443,1539308,27.23279809,88.59292517,Sikkim,,"Road from Pakyong to Dikling and Rorathang, Pakyong, Sikkim, India",mudslide,downpour,2018-05-26,day,0,0,1km,The Northeast Today,TRUE,TRUE,FALSE,FALSE
NASA_GLC,10962,1539334,23.65637182,93.02746602,Mizoram,,"Aizawl-Champhai road, Champhai, Mizoram State, India",landslide,continuous_rain,2017-06-17,day,0,0,5km,Zoram Observer,TRUE,TRUE,FALSE,FALSE
NASA_GLC,11171,1539350,27.104022,93.61156568,Arunachal Pradesh,,"Senki View, Itanagar, Papum Pare, Arunachal Pradesh, India",landslide,continuous_rain,2017-04-26,day,0,0,1km,Hindustan Times,TRUE,TRUE,FALSE,FALSE
NASA_GLC,11178,1539353,26.96437841,92.78260587,Assam,,"Bhalukpong, Assam",landslide,monsoon,2017-06-18,day,0,0,10km,Eastern Mirror,TRUE,TRUE,FALSE,FALSE
NASA_GLC,1111,1538301,27.1344,88.4575,Sikkim,,"Melli Chalisey, Sikkim",landslide,downpour,2009-08-20,day,0,0,5km,beacononline.wordpress,TRUE,TRUE,FALSE,FALSE
NASA_GLC,4570,1538310,27.8458,95.2253,Arunachal Pradesh,,Â Arunachal PradeshÂ,landslide,downpour,2012-09-19,day,0,0,1km,articles.timesofindia,TRUE,TRUE,FALSE,FALSE
NASA_GLC,5269,1538345,25.8376,94.5234,Nagaland,,"Tizu, Nagaland",landslide,continuous_rain,2013-08-04,day,0,0,unknown,www.nagalandpost.com,TRUE,TRUE,FALSE,FALSE
NASA_GLC,1127,1538388,25.1718,93.123,Assam,,between Mahur and Phaiding railway stations on Barail hills (Mahur and Barail hills located),landslide,downpour,2009-08-27,day,0,0,10km,prokerala,TRUE,TRUE,FALSE,FALSE
NASA_GLC,2112,1538389,27.5509,88.6475,Sikkim,,"Zang(?), east Sikkim",landslide,downpour,2010-07-21,day,0,0,unknown,himalnews.wordpress,TRUE,TRUE,FALSE,FALSE
NASA_GLC,9750,1538454,25.15246863,92.94670614,Assam,,Dima Hasao district,landslide,continuous_rain,2017-06-04,day,0,0,50km,NELive,TRUE,TRUE,FALSE,FALSE
NASA_GLC,2344,1538499,24.7505,93.4221,Manipur,,"NH-53 at Nungba police station, Kambirong(?), Manipur",landslide,downpour,2010-08-27,day,0,0,5km,e-pao,TRUE,TRUE,FALSE,FALSE
NASA_GLC,9338,1538541,24.4638,92.4943,Assam,,"Sonachirra, Karimganj district, Assam, India",landslide,continuous_rain,2016-05-18,day,5,0,10km,Indian Express,TRUE,TRUE,FALSE,FALSE
NASA_GLC,6016,1538551,24.8669,92.3576,Assam,,"Satgarakul Village, Karimganj, Assam State",landslide,rain,2014-05-09,day,7,0,1km,Sciency Thoughts,TRUE,TRUE,FALSE,FALSE
NASA_GLC,869,1538560,27.2333,94.1167,Assam,,North Lakhimpur,landslide,downpour,2008-10-29,day,0,0,50km,rttnews,TRUE,TRUE,FALSE,FALSE
NASA_GLC,3830,1538570,24.3527,94.3429,Manipur,,Manipur,landslide,downpour,2011-07-22,day,0,0,10km,e-pao.net,TRUE,TRUE,FALSE,FALSE
NASA_GLC,9335,1538599,24.5202,92.7239,Assam,,"Bilaipur, Hailakandi district, Assam, India",landslide,continuous_rain,2016-05-18,day,2,0,1km,Indian Express,TRUE,TRUE,FALSE,FALSE
NASA_GLC,260,1538636,27.2084,88.4909,Sikkim,,"National Highway 31A, between Singtam and Rangpo",debris_flow,rain,2007-09-11,day,0,0,5km,thestatesman.net,TRUE,TRUE,FALSE,FALSE
NASA_GLC,2182,1538703,24.9356,93.8443,Manipur,,Dimapur-Imphal highway (NH 39) near Manipur,landslide,rain,2010-07-31,day,0,0,25km,youtube,TRUE,TRUE,FALSE,FALSE
NASA_GLC,3837,1538719,26.5836,93.0038,Assam,,NH 37,landslide,downpour,2011-07-24,day,0,0,50km,e-pao.net,TRUE,TRUE,FALSE,FALSE
NASA_GLC,2140,1538760,25.0477,92.801,Assam,,"road between Halfong and Redzol(?) or Silchar, Assam",landslide,downpour,2010-07-25,day,0,0,25km,Telegraph India,TRUE,TRUE,FALSE,FALSE
NASA_GLC,1954,1538775,24.7543,93.5039,Manipur,,"Irang(?) and Barak(?) and Makru(?) on highway 53 between Imphal and Jiribam, Manipur",landslide,rain,2010-06-07,day,0,0,50km,e-pao.net,TRUE,TRUE,FALSE,FALSE
NASA_GLC,2426,1538841,22.7176,92.8416,Mizoram,,"Hual(Hu) village(?), Lunglei-Lawngtlai rd, Mizoram",landslide,downpour,2010-09-13,day,0,0,25km,Mizoram Express,TRUE,TRUE,FALSE,FALSE
NASA_GLC,9789,1538863,25.907233,91.881892,Meghalaya,,"St Paul's Secondary School, Nongpoh",landslide,rain,2017-05-26,day,0,3,exact,Shillong Times,TRUE,TRUE,FALSE,FALSE
NASA_GLC,9712,1538866,23.73354779,92.74744512,Mizoram,,,landslide,rain,2017-06-10,day,2,0,1km,Zoram Observer,TRUE,TRUE,FALSE,FALSE
NASA_GLC,9933,1538875,27.04768643,93.61899644,Arunachal Pradesh,,"Jollang, Itanagar Sub-District, Papum Pare, Arunachal Pradesh, 791123",landslide,downpour,2017-06-30,day,0,0,1km,The Arunachal Times,TRUE,TRUE,FALSE,FALSE
NASA_GLC,2025,1538889,25.5728,91.885,Meghalaya,,"Police CID complex(?), Shillong, Meghalaya",landslide,downpour,2010-06-28,day,1,0,5km,hindustantimes,TRUE,TRUE,FALSE,FALSE
NASA_GLC,8012,1538919,25.9703,91.8584,Meghalaya,,"Umling, Meghalaya 793102, India",landslide,unknown,2015-09-06,day,0,0,1km,The Assam Tribune,TRUE,TRUE,FALSE,FALSE
NASA_GLC,2392,1538947,27.3702,88.7334,Sikkim,,"17th mile(?), Jawaharlal Nehru Marg hwy, between Gangtok and Nathu La, Sikkim",landslide,downpour,2010-09-04,day,0,0,10km,news.oneindia,TRUE,TRUE,FALSE,FALSE
NASA_GLC,2164,1538951,25.3098633,94.48214677,Manipur,,"Chingai-Kuingai(Quingai) route (16 kms), Chingai subdivision, Ukhrul district, Manipur",landslide,downpour,2010-07-29,day,0,0,25km,E-Pao,TRUE,TRUE,FALSE,FALSE
NASA_GLC,4845,1537814,24.2315,92.6755,Mizoram,,"Kolasib, Saiha, Mizoram,",mudslide,rain,2013-05-07,day,0,0,50km,www.thehindu.com,TRUE,TRUE,FALSE,FALSE
NASA_GLC,10024,1537820,25.83762589,93.94633448,Nagaland,,"Ghokuto, Nagaland",mudslide,continuous_rain,2017-06-25,day,0,0,5km,Nagaland Post,TRUE,TRUE,FALSE,FALSE
NASA_GLC,6963,1537856,23.7131,92.7362,Mizoram,,"Muanna locality, Mizoram",landslide,rain,2015-06-19,day,0,0,50km,The Statesmen,TRUE,TRUE,FALSE,FALSE
NASA_GLC,1222,1537874,23.73478778,92.72124394,Mizoram,,"Chhinga Veng, Aizawl",landslide,downpour,2009-10-05,day,3,0,5km,ptinews,TRUE,TRUE,FALSE,FALSE
NASA_GLC,4859,1537894,26.1771,91.7599,Assam,,"Sarania Hills, North Guwahati, Guwahati, Assam,",landslide,rain,2013-05-11,day,0,1,5km,articles.timesofindia.indiatimes.com,TRUE,TRUE,FALSE,FALSE
NASA_GLC,8930,1537909,26.1699,94.4922,Nagaland,,"North Point Colony, Akuluto, Nagaland, India",landslide,unknown,2016-07-11,day,0,0,1km,Nagaland Post,TRUE,TRUE,FALSE,FALSE
NASA_GLC,285,1537912,24.1293,92.6921,Mizoram,,"National Highway, 45 Aizwal (Mizoram)",landslide,rain,2007-09-29,day,0,0,50km,Newkerala,TRUE,TRUE,FALSE,FALSE
NASA_GLC,2045,1537964,26.2363,94.8133,Nagaland,,"Tuensang, Nagaland",mudslide,monsoon,2010-07-06,day,0,0,5km,morungexpress,TRUE,TRUE,FALSE,FALSE
NASA_GLC,215,1537967,25.7428,93.9136,Nagaland,,Phesema area at National Highway 39,landslide,rain,2007-08-28,day,1,0,50km,Newkerala,TRUE,TRUE,FALSE,FALSE
NASA_GLC,6513,1537970,23.0137,91.7174,Tripura,,Sabroom,mudslide,downpour,2014-08-14,day,3,0,5km,New Indian Express,TRUE,TRUE,FALSE,FALSE
NASA_GLC,10988,1537991,25.82601444,91.87113067,Meghalaya,,"Pahamrynnai, Ribhoi, Meghalaya",landslide,continuous_rain,2017-07-09,day,0,0,1km,The Shillong Times,TRUE,TRUE,FALSE,FALSE
NASA_GLC,11172,1538026,27.0844941,93.60505989,Arunachal Pradesh,,"Niti Vihar, Itanagar, Arunachal Pradesh, India",landslide,continuous_rain,2017-07-09,day,0,0,5km,Arunachal Times,TRUE,TRUE,FALSE,FALSE
NASA_GLC,11165,1538037,27.092916,93.61882043,Arunachal Pradesh,,"Civil Secretariat, Itanagar, Arunachal Pradesh, India",landslide,continuous_rain,2017-07-09,day,0,0,exact,Arunachal Times,TRUE,TRUE,FALSE,FALSE
NASA_GLC,2341,1538080,27.2319,88.497,Sikkim,,"NH-31A at Topakhani tunnel(?) and fruit preservation factory(?) and Chisopani bridge(?), near Singtam and Gangtok and Rangpo, Sikkim",landslide,downpour,2010-08-26,day,0,0,10km,thehimalayanbeacon.com,TRUE,TRUE,FALSE,FALSE
NASA_GLC,2098,1538084,26.7215,95.0283,Nagaland,,"Jahjon ward(?), Mon town, Nagaland",landslide,downpour,2010-07-19,day,0,0,5km,nagalandpost,TRUE,TRUE,FALSE,FALSE
NASA_GLC,594,1538123,24.9336,93.8275,Manipur,,"Namkaoluang village, Tamenglong-Sangrung (Khongsang) road, NH-53, Manipur",mudslide,monsoon,2008-06-19,day,0,0,25km,kanglaonline,TRUE,TRUE,FALSE,FALSE
NASA_GLC,3813,1538134,27.1141,88.4658,Sikkim,,National Highway 31A in West Bengal's Darjeeling district,landslide,rain,2011-07-20,day,0,0,25km,twocircles.net,TRUE,TRUE,FALSE,FALSE
NASA_GLC,2044,1538148,25.8877,94.7861,Nagaland,,"Kiphire,  Nagaland",mudslide,monsoon,2010-07-06,day,0,0,5km,morungexpress,TRUE,TRUE,FALSE,FALSE
NASA_GLC,2304,1539407,25.5718,94.1211,Manipur,,"NH 39 at Kigwema(?), between Mao Gate and Kohima, Nagaland",landslide,downpour,2010-08-21,day,0,0,10km,e-pao,TRUE,TRUE,FALSE,FALSE
NASA_GLC,7388,1539438,24.416,94.0984,Manipur,,Senam,landslide,continuous_rain,2015-08-01,day,0,0,5km,E-PAO,TRUE,TRUE,FALSE,FALSE
NASA_GLC,2425,1539456,23.3439,93.0748,Mizoram,,"near Tuichang(?) on Tuichang river, Aizawl-Champhai rd, Mizoram",landslide,downpour,2010-09-13,day,0,0,25km,Mizoram Express,TRUE,TRUE,FALSE,FALSE
NASA_GLC,2579,1539472,25.682,94.1076,Nagaland,,"Lower Pezielietsie(Tinpati), Kohima, Manipur",landslide,downpour,2010-10-09,day,0,0,1km,indianexpress,TRUE,TRUE,FALSE,FALSE
NASA_GLC,4446,1539501,28.9986,94.8885,Arunachal Pradesh,,"Tuting, Upper Siang , Arunachal Pradesh",landslide,downpour,2012-07-05,day,0,0,5km,articles.timesofindia,TRUE,TRUE,FALSE,FALSE
NASA_GLC,4610,1539506,23.7705,92.5217,Mizoram,,"Dapchhuah, Mamit, Mizoram",landslide,downpour,2012-11-11,day,4,0,5km,assamtribune,TRUE,TRUE,FALSE,FALSE
NASA_GLC,5275,1539534,26.1498,94.6055,Nagaland,,"Suruhuto Town, Nagaland",landslide,monsoon,2013-08-04,day,0,0,10km,www.nagalandpost.com,TRUE,TRUE,FALSE,FALSE
NASA_GLC,2424,1539618,23.591,92.9296,Mizoram,,"near Tuivawl(?), Aizawl-Champhai rd, Aizawl district, Mizoram",landslide,downpour,2010-09-13,day,0,0,25km,Mizoram Express,TRUE,TRUE,FALSE,FALSE
NASA_GLC,78,1539619,27.3383,88.6069,Sikkim,,"Pangthang, on road b/t Gangtok and North Sikkim",landslide,rain,2007-05-23,day,0,0,50km,Sikkim times.com,TRUE,TRUE,FALSE,FALSE
NASA_GLC,9168,1539634,27.6438,93.871,Arunachal Pradesh,,"NH 13 10 kilometers from Old Ziro, Arunachal Pradesh, India",landslide,downpour,2016-06-12,day,0,0,10km,Arunachal Times,TRUE,TRUE,FALSE,FALSE
NASA_GLC,4424,1539695,26.149,91.7351,Assam,,"Lalunggaon, Guwahati,  Assam",landslide,downpour,2012-06-20,day,0,0,1km,twocircles.net,TRUE,TRUE,FALSE,FALSE
NASA_GLC,4377,1539701,26.1475,91.7356,Assam,,"Guwahati, Assam",landslide,downpour,2012-06-02,day,0,0,5km,ibnlive.in,TRUE,TRUE,FALSE,FALSE
NASA_GLC,9186,1539720,25.48,94.1383,Manipur,,"Imphal-Dimapur road  in Tadubi, Senapati district, Manipur, India",landslide,continuous_rain,2016-07-25,day,0,1,1km,E-Pao,TRUE,TRUE,FALSE,FALSE
NASA_GLC,4757,1539736,28.1193,95.1645,Arunachal Pradesh,,"East Siang, Arunachal Pradesh",landslide,rain,2013-02-18,day,3,2,5km,articles.timesofindia.indiatimes.com,TRUE,TRUE,FALSE,FALSE
NASA_GLC,3965,1539744,24.808,93.117,Assam,,NH 37 at Awang KhulÂ,landslide,rain,2011-09-06,day,3,0,1km,e-pao.net,TRUE,TRUE,FALSE,FALSE
NASA_GLC,6969,1539752,25.5114,90.215,Meghalaya,,"Nakham Bazaar, Tura, Meghalaya",landslide,downpour,2015-06-16,day,4,0,1km,The Shillong Times,TRUE,TRUE,FALSE,FALSE
NASA_GLC,6293,1539775,25.5006,90.0896,Meghalaya,,South West Garo Hills,landslide,rain,2014-10-20,day,6,0,50km,Times of India,TRUE,TRUE,FALSE,FALSE
NASA_GLC,7267,1540580,25.3908,94.0926,Manipur,,NH-2 between Senapati and Mao,landslide,continuous_rain,2015-07-22,day,0,0,10km,The Sangai Express,TRUE,TRUE,FALSE,FALSE
NASA_GLC,2248,1540990,26.222,94.9152,Nagaland,,"Noklak-Tuensang road, Nagaland",landslide,downpour,2010-08-14,day,0,0,25km,morungexpress,TRUE,TRUE,FALSE,FALSE
NASA_GLC,2422,1540992,23.74182634,92.7141905,Mizoram,,"Hunthar Veng, Mizoram",landslide,downpour,2010-09-13,day,0,0,1km,Mizoram Express,TRUE,TRUE,FALSE,FALSE
NASA_GLC,7214,1540997,27.36,93.0385,Arunachal Pradesh,,Type-IV Colony of Seppa in East Kameng,landslide,monsoon,2015-07-15,day,3,0,5km,NDTV,TRUE,TRUE,FALSE,FALSE
NASA_GLC,1929,1541011,27.3543,88.6428,Sikkim,,"North Sikkiim Highway, periphery of Gangtok, Sikkim East district",landslide,downpour,2010-05-31,day,0,0,5km,sify.com,TRUE,TRUE,FALSE,FALSE
NASA_GLC,3927,1541026,25.5144,90.2167,Meghalaya,,"Garo Hills, Tura",landslide,downpour,2011-08-16,day,6,0,unknown,theshillongtimes.com,TRUE,TRUE,FALSE,FALSE
NASA_GLC,7390,1541040,24.4265,94.1913,Manipur,,between Tengnoupal-Sita junction and Tengnoupal Power Sub-Station,landslide,continuous_rain,2015-08-01,day,0,0,25km,E-PAO,TRUE,TRUE,FALSE,FALSE
NASA_GLC,7384,1541056,23.9278,94.0906,Manipur,,"Wayang, Khengjoi",landslide,rain,2015-08-01,day,0,0,5km,Hindustan Times,TRUE,TRUE,FALSE,FALSE
NASA_GLC,4383,1541066,25.3056,93.1265,Assam,,"between Maibang and Daotohaja, Assam",landslide,downpour,2012-06-03,day,0,0,5km,articles.timesofindia,TRUE,TRUE,FALSE,FALSE
NASA_GLC,6283,1541109,26.1314,91.7548,Assam,,Dakhingaon,landslide,rain,2014-09-22,day,0,0,1km,Assam Tribune,TRUE,TRUE,FALSE,FALSE
NASA_GLC,2573,1541148,25.1796,93.0083,Assam,,"Haflong, Assam",mudslide,downpour,2010-10-09,day,1,0,5km,dnaindia,TRUE,TRUE,FALSE,FALSE
NASA_GLC,9604,1541166,27.2676,88.2891,Sikkim,,Legship,landslide,continuous_rain,2016-10-12,day,0,0,10km,Indian Express,TRUE,TRUE,FALSE,FALSE
NASA_GLC,7665,1541192,24.7016,93.5291,Manipur,,Khoupum,landslide,continuous_rain,2015-08-11,day,0,0,5km,E-PAO,TRUE,TRUE,FALSE,FALSE
NASA_GLC,1994,1541195,25.0633,92.8025,Assam,,"rails between Jatinga and Longrangjao(?), Assam",landslide,downpour,2010-06-16,day,0,0,25km,ptinews,TRUE,TRUE,FALSE,FALSE
NASA_GLC,692,1541205,25.705,94.04,Nagaland,,"National Highway-39, Dimapur-Imphal road and another under Kiphire district of Nagaland",landslide,downpour,2008-08-07,day,0,0,10km,kanglaonline,TRUE,TRUE,FALSE,FALSE
NASA_GLC,259,1541229,25.52,91.27,Meghalaya,,"Assam-Agartala National Highway, Sonarpur in Jayantiya hills of Meghalaya",landslide,rain,2007-09-11,day,0,0,unknown,India times,TRUE,TRUE,FALSE,FALSE
NASA_GLC,251,1541237,27.1667,88.35,Sikkim,,Hingdam village in South Sikkim,landslide,rain,2007-09-09,day,1,0,50km,Sikkim times.com,TRUE,TRUE,FALSE,FALSE
NASA_GLC,5485,1541281,27.6047,88.6463,Sikkim,,"Chungthang, Sikkim",rock_fall,rain,2013-09-08,day,1,2,50km,articles.timesofindia.indiatimes.com,TRUE,TRUE,FALSE,FALSE
NASA_GLC,9010,1541282,27.3034,93.804,Arunachal Pradesh,,"Hoj-Potin Highway, Arunachal Pradesh, India",mudslide,downpour,2016-07-16,day,1,0,5km,Arunachal Times,TRUE,TRUE,FALSE,FALSE
NASA_GLC,9965,1541353,26.324724,94.514651,Nagaland,,"Mokochung, Nagaland, India",landslide,rain,2016-09-05,day,0,0,1km,Nagaland Post,TRUE,TRUE,FALSE,FALSE
NASA_GLC,3943,1540594,27.13862165,88.22551799,Sikkim,,"Samathang, Sikkim",landslide,downpour,2011-08-23,day,5,0,10km,IBN,TRUE,TRUE,FALSE,FALSE
NASA_GLC,1755,1540629,27.3341,88.6083,Sikkim,,"Natl. Highway 31-A at Pani House(?), Gangtok",landslide,downpour,2010-04-17,day,0,0,5km,voiceofsikkim.com,TRUE,TRUE,FALSE,FALSE
NASA_GLC,7369,1540639,24.1988,94.1016,Manipur,,between Chalong and Paraolon,landslide,continuous_rain,2015-08-01,day,0,0,10km,E-PAO,TRUE,TRUE,FALSE,FALSE
NASA_GLC,9252,1540661,27.5748,91.8644,Arunachal Pradesh,,"Dolma Lhakang complex, Lumla, Tawang,  Arunachal Pradesh, India",landslide,monsoon,2016-07-28,day,0,0,5km,Arunchal Times,TRUE,TRUE,FALSE,FALSE
NASA_GLC,7728,1540669,26.1028,91.8806,Assam,,Natonal Highway in Jorabat area,landslide,continuous_rain,2015-08-22,day,0,0,5km,Assam Times,TRUE,TRUE,FALSE,FALSE
NASA_GLC,5274,1540679,26.0838,94.564,Nagaland,,"Suruhuto Town, Nagaland",landslide,rain,2013-08-04,day,0,0,25km,www.nagalandpost.com,TRUE,TRUE,FALSE,FALSE
NASA_GLC,11175,1540707,27.82743132,93.62407259,Arunachal Pradesh,,"Yangte, Kra Daadi District, Arunachal Pradesh, India",landslide,rain,2017-05-03,day,1,0,1km,Echo of Arunachal,TRUE,TRUE,FALSE,FALSE
NASA_GLC,11158,1540715,25.69111465,94.09483333,Nagaland,,"Kohima, Nagaland, India",landslide,rain,2017-07-12,day,0,0,1km,Eastern Mirror,TRUE,TRUE,FALSE,FALSE
NASA_GLC,11604,1540771,23.40991836,93.36421745,Mizoram,,,landslide,unknown,1970-01-01,day,0,0,exact,NASA SERVIR Science Coordination Office & SERVIR-Mekong,TRUE,TRUE,FALSE,FALSE
NASA_GLC,10960,1540963,23.725943,92.7178,Mizoram,,"Mizoram, India",landslide,,2016-09-17,day,5,0,5km,Indian Express,TRUE,TRUE,FALSE,FALSE
NASA_GLC,11157,1540966,25.73111942,93.98827528,Nagaland,,"Peducha, Kohima, Nagaland State, India",landslide,continuous_rain,2017-07-09,day,0,0,1km,Eastern Mirror,TRUE,TRUE,FALSE,FALSE
NASA_GLC,3776,1540275,27.125,93.7145,Arunachal Pradesh,,Itanagar/Naharlagur/Nirjuli,landslide,downpour,2011-07-15,day,0,0,5km,ibnlive.in,TRUE,TRUE,FALSE,FALSE
NASA_GLC,4378,1540292,28.8254,96.1517,Arunachal Pradesh,,"Arunachal Pradesh, Dibang,",landslide,downpour,2012-06-02,day,0,0,50km,isikkim.com,TRUE,TRUE,FALSE,FALSE
NASA_GLC,6289,1540305,26.1001,91.6849,Assam,,Pamohi,landslide,rain,2014-09-22,day,0,0,5km,Assam Tribune,TRUE,TRUE,FALSE,FALSE
NASA_GLC,11177,1540350,27.583849,91.876945,Arunachal Pradesh,,"Tawang, Arunchal Pradesh",landslide,rain,2017-07-11,day,19,0,5km,NewsBytes,TRUE,TRUE,FALSE,FALSE
NASA_GLC,10978,1540352,25.132228,93.04681,Assam,,"N. Leikul, Assam, India",landslide,rain,2017-04-04,day,0,0,1km,DNA,TRUE,TRUE,FALSE,FALSE
NASA_GLC,10961,1540362,24.0135808,92.67420963,Mizoram,,"NH-54, North Thingdawl, Kolasib, Mizoram, 796075",landslide,continuous_rain,2017-04-25,day,0,0,50km,Outlook India,TRUE,TRUE,FALSE,FALSE
NASA_GLC,11156,1540363,25.73318099,93.99655231,Nagaland,,"NH-29, Sechu (Zubza), Kohima, Nagaland, 797002",landslide,continuous_rain,2017-05-16,day,0,0,1km,The Northeast Today,TRUE,TRUE,FALSE,FALSE
NASA_GLC,11161,1540364,26.66354481,94.62220277,Nagaland,,"Alongkima, Mokokchung, Nagaland",landslide,rain,2017-06-24,day,0,0,5km,The Northeast Today,TRUE,TRUE,FALSE,FALSE
NASA_GLC,731,1540444,26.138,94.25,Nagaland,,"Akuk village, Wokha District, Nagaland",mudslide,downpour,2008-08-19,day,4,0,50km,morungexpress,TRUE,TRUE,FALSE,FALSE
NASA_GLC,7590,1540461,25.1416,92.3807,Meghalaya,,Tongseng,landslide,rain,2015-08-19,day,0,0,5km,International Business Times,TRUE,TRUE,FALSE,FALSE
NASA_GLC,8237,1540475,27.0136,92.6351,Arunachal Pradesh,,"Old Inspection Bungalow, Bhalukpong town, West Kameng, Arunachal Pradesh, India",landslide,downpour,2016-07-01,day,5,3,1km,The Hindu,TRUE,TRUE,FALSE,FALSE
NASA_GLC,6286,1540487,26.1044,91.7082,Assam,,Garchuk,landslide,rain,2014-09-22,day,0,0,5km,Assam Tribune,TRUE,TRUE,FALSE,FALSE
NASA_GLC,7266,1540489,25.5098,93.8794,Manipur,,Yangkhullen-Tamphung road till Nagaland border,landslide,continuous_rain,2015-07-22,day,0,0,10km,The Sangai Express,TRUE,TRUE,FALSE,FALSE
NASA_GLC,580,1540509,24.6596,93.9784,Manipur,,"near Kuloor church, in Manipur along National Highway",landslide,monsoon,2008-06-09,day,0,0,unknown,daijiworld,TRUE,TRUE,FALSE,FALSE
NASA_GLC,9334,1540523,24.5204,92.7264,Assam,,"Bilaipur, Hailakandi district, Assam, India",landslide,continuous_rain,2016-05-18,day,2,0,1km,Indian Express,TRUE,TRUE,FALSE,FALSE
NASA_GLC,585,1540529,27.0998,93.6287,Arunachal Pradesh,,"Itanagar-Naharlagun, Arunachal Pradesh",landslide,rain,2008-06-14,day,21,0,25km,ukpress.google,TRUE,TRUE,FALSE,FALSE
NASA_GLC,7655,1540549,27.5799,91.8569,Arunachal Pradesh,,"Tawang, Arunachal Pradesh",landslide,continuous_rain,2016-04-22,day,17,0,5km,Zee News,TRUE,TRUE,FALSE,FALSE
NASA_GLC,9464,1540555,27.5754,91.9754,Arunachal Pradesh,,Babrang village under Jang circle in Tawang district,landslide,downpour,2016-08-05,day,0,3,5km,Business Standard,TRUE,TRUE,FALSE,FALSE
NASA_GLC,1613,1540563,27.8997,93.3497,Arunachal Pradesh,,"Koloriang, Kuring Kumey district, Arunachal Pradesh",mudslide,downpour,2010-04-02,day,12,0,1km,english.peopledaily,TRUE,TRUE,FALSE,FALSE
NASA_GLC,2253,1539791,25.31006064,94.48265093,Manipur,,"Chingai-Kuingai(Quingai) route (16 kms), Chingai subdivision, Ukhrul district, Manipur",landslide,downpour,2010-08-15,day,0,0,25km,e-pao,TRUE,TRUE,FALSE,FALSE
NASA_GLC,2282,1539841,26.1984,94.8158,Nagaland,,"Tuensang-Kohima rd, 3 km outside Tuensang, Nagaland",landslide,downpour,2010-08-19,day,0,0,1km,indiablooms,TRUE,TRUE,FALSE,FALSE
NASA_GLC,2567,1539962,25.6633,94.4703,Nagaland,,"Phek, Manipur",complex,downpour,2010-10-08,day,0,0,5km,morungexpress,TRUE,TRUE,FALSE,FALSE
NASA_GLC,6285,1539993,26.159,91.8178,Assam,,VIP Road,landslide,rain,2014-09-22,day,0,0,5km,Assam Tribune,TRUE,TRUE,FALSE,FALSE
NASA_GLC,5005,1539994,26.72,95.029,Nagaland,,"Walo Ward, Mon Town, Wokha District, Nagaland",landslide,downpour,2013-07-01,day,0,0,5km,www.nagalandpost.com,TRUE,TRUE,FALSE,FALSE
NASA_GLC,10005,1540002,26.10973183,91.80317334,Assam,,"Beltola, Assam State-Meghalaya State border, India",landslide,continuous_rain,2017-07-06,day,0,0,10km,DY365,TRUE,TRUE,FALSE,FALSE
NASA_GLC,1756,1540025,27.322,88.6087,Sikkim,,"Nam Nang, Gangtok",landslide,downpour,2010-04-17,day,0,0,1km,voiceofsikkim.com,TRUE,TRUE,FALSE,FALSE
NASA_GLC,4436,1540026,26.9986,95.4993,Arunachal Pradesh,,"Khonsa, Arunachal Pradesh",landslide,downpour,2012-06-25,day,0,0,50km,articles.timesofindia,TRUE,TRUE,FALSE,FALSE
NASA_GLC,7910,1540042,24.3481,94.1146,Manipur,,Chandel,landslide,unknown,2015-08-01,day,0,0,10km,E-Pao,TRUE,TRUE,FALSE,FALSE
NASA_GLC,1776,1540046,25.3612,92.2845,Meghalaya,,Shillong-Jowai(Jwai)-Badarpur National Highway(NH 44) at Sunapur village in Jaintia Hills District,landslide,downpour,2010-04-21,day,0,0,25km,hmar.in,TRUE,TRUE,FALSE,FALSE
NASA_GLC,252,1540109,25.4993,94.1192,Manipur,,"Mao in Manipur, Phipema and Chunikhudima in Nagaland",landslide,rain,2007-09-09,day,0,0,25km,kanglaonline.com,TRUE,TRUE,FALSE,FALSE
NASA_GLC,211,1540123,24.9667,93.55,Manipur,,Tamenglong,mudslide,continuous_rain,2007-08-26,day,1,0,5km,kanglaonline.com,TRUE,TRUE,FALSE,FALSE
NASA_GLC,7375,1540147,25.1941,94.4481,Manipur,,Ukhrul NH 201-Jessami road,landslide,continuous_rain,2015-08-01,day,0,0,25km,E-PAO,TRUE,TRUE,FALSE,FALSE
NASA_GLC,3932,1540148,25.83,94.13,Nagaland,,Botsa  and Chiechama,landslide,monsoon,2011-08-18,day,0,0,exact,thenewsofindia,TRUE,TRUE,FALSE,FALSE
NASA_GLC,3831,1540153,24.7992,93.948,Manipur,,Heibok Hills,landslide,downpour,2011-07-22,day,0,0,unknown,e-pao.net,TRUE,TRUE,FALSE,FALSE
NASA_GLC,6213,1540174,25.8143,90.5763,Meghalaya,,Meghalaya,landslide,continuous_rain,2014-09-24,day,0,0,unknown,The New Indian Express,TRUE,TRUE,FALSE,FALSE
NASA_GLC,9998,1542272,27.98531715,94.21263589,Arunachal Pradesh,,"Abotani Colony, Daporijo Township, Arunachal Pradesh, India",landslide,rain,2017-07-04,day,0,0,1km,The Arunachal Times,TRUE,TRUE,FALSE,FALSE
NASA_GLC,9931,1542288,25.06657276,93.9310888,Manipur,,Torrential downpour causes road-blocking lansdlide along NH-2 near Bimparao village,landslide,downpour,2017-06-30,day,0,0,1km,E-Pao,TRUE,TRUE,FALSE,FALSE
NASA_GLC,1112,1542384,27.1761,88.5287,Sikkim,,"NH31A, Mile 27 near Rambi",mudslide,downpour,2009-08-20,day,0,0,25km,beacononline.wordpress,TRUE,TRUE,FALSE,FALSE
NASA_GLC,5431,1542389,24.9829,93.5063,Manipur,,"Tamenglong, Manipur",mudslide,continuous_rain,2013-09-01,day,0,0,5km,e-pao.net,TRUE,TRUE,FALSE,FALSE
NASA_GLC,3672,1542391,25.5125,93.3613,Assam,,"Portions of NH 39, Connectin Manipur with Assam via Nagaland",landslide,downpour,2011-06-29,day,0,0,unknown,articles.timesofindia,TRUE,TRUE,FALSE,FALSE
NASA_GLC,3997,1542392,27.5161,88.5575,Sikkim,,,landslide,unknown,2011-09-30,day,0,0,10km,isikkim.com,TRUE,TRUE,FALSE,FALSE
NASA_GLC,1108,1542395,24.9925,93.5,Manipur,,"Tamei, Tamenglong district on Imphal-Tamenglong (IT) road",landslide,downpour,2009-08-20,day,0,0,10km,kanglaonline,TRUE,TRUE,FALSE,FALSE
NASA_GLC,1935,1542414,23.8986,91.7599,Tripura,,"atharamura hills, Highway 44, Tripura",landslide,downpour,2010-06-03,day,0,0,5km,Telegraph India,TRUE,TRUE,FALSE,FALSE
NASA_GLC,2576,1542424,25.4788,94.1399,Manipur,,"NH-39 at Tobio village(?), 7 km form Tadubi, Manipur",landslide,downpour,2010-10-09,day,0,0,10km,e-pao,TRUE,TRUE,FALSE,FALSE
NASA_GLC,11501,1542464,23.79260297,91.53090192,Tripura,,"Champabari, Jirania, Tripura, India",landslide,downpour,2018-05-20,day,1,1,5km,The Times of India,TRUE,TRUE,FALSE,FALSE
NASA_GLC,3916,1542550,25.7713,93.8067,Nagaland,,"Chumukedima, Dimapur",mudslide,downpour,2011-08-13,day,0,0,10km,morungexpress,TRUE,TRUE,FALSE,FALSE
NASA_GLC,9405,1542578,26.7223,95.0243,Nagaland,,"Techahan Ward, Mon, Nagaland, India",landslide,continuous_rain,2016-04-19,day,0,0,1km,Assam Tribune,TRUE,TRUE,FALSE,FALSE
NASA_GLC,8222,1542986,26.1961,91.7825,Assam,,"Piyali Phukan Nagar, Guwahati, India",mudslide,downpour,2016-06-22,day,1,0,5km,NYOOOZ,TRUE,TRUE,FALSE,FALSE
NASA_GLC,4241,1542994,25.1604,93.6795,Manipur,,Tamei constituency in Tamenlong district,landslide,unknown,2012-03-04,day,0,0,25km,articles.timesofindia,TRUE,TRUE,FALSE,FALSE
NASA_GLC,1930,1543000,28.4298,95.8776,Arunachal Pradesh,,"Anini-Roing road,  Dibang Valley,  Arunachal Pradesh",landslide,downpour,2010-05-31,day,0,0,50km,indianexpress,TRUE,TRUE,FALSE,FALSE
NASA_GLC,2163,1543004,25.4196,94.1054,Manipur,,"Maram area in Senapati district, National Highway 39",landslide,downpour,2010-07-29,day,0,0,5km,assamtribune,TRUE,TRUE,FALSE,FALSE
NASA_GLC,1934,1543064,24.6005,92.3814,Assam,,Rongpur village under Bhairabhnagar panchayat in Karimganj district,landslide,downpour,2010-06-03,day,2,0,25km,Telegraph India,TRUE,TRUE,FALSE,FALSE
NASA_GLC,9619,1543084,27.1695,88.3664,Sikkim,,Namchi,landslide,rain,2016-10-15,day,0,0,5km,Hindu,TRUE,TRUE,FALSE,FALSE
NASA_GLC,9219,1543110,26.0101,94.5282,Nagaland,,"Zunheboto, Nagaland, India",landslide,downpour,2016-07-26,day,0,0,5km,Nagaland Post,TRUE,TRUE,FALSE,FALSE
NASA_GLC,545,1543182,24.9849,92.8411,Assam,,"A Cachar District village, near village of Srinager, Assam",mudslide,mining,2008-05-20,day,5,0,50km,Telegraph India,TRUE,TRUE,FALSE,FALSE
NASA_GLC,7727,1543188,25.6263,94.1057,Nagaland,,between Phesama and Kuima in Nagaland,landslide,continuous_rain,2015-08-20,day,0,0,5km,E-PAO,TRUE,TRUE,FALSE,FALSE
NASA_GLC,7778,1543197,23.8447,93.0514,Mizoram,,Phullenâs main road,mudslide,continuous_rain,2015-08-26,day,0,0,10km,Indian Express,TRUE,TRUE,FALSE,FALSE
NASA_GLC,9142,1543207,26.3185,94.5247,Nagaland,,"lower Majakong Ward, Mokokchung, Nagaland, India",landslide,continuous_rain,2016-06-14,day,0,0,1km,Nagaland Post,TRUE,TRUE,FALSE,FALSE
NASA_GLC,3741,1543211,25.4191,94.1079,Manipur,,Maram (80 km north of Imphal),landslide,rain,2011-07-07,day,0,0,5km,e-pao,TRUE,TRUE,FALSE,FALSE
NASA_GLC,4435,1543246,27.174,95.8011,Arunachal Pradesh,,"Tirap , Arunachal Pradesh",landslide,downpour,2012-06-25,day,0,0,10km,articles.timesofindia,TRUE,TRUE,FALSE,FALSE
NASA_GLC,5271,1543252,26.284,94.5808,Nagaland,,"Nanga, Nagaland",landslide,continuous_rain,2013-08-04,day,0,0,5km,www.nagalandpost.com,TRUE,TRUE,FALSE,FALSE
NASA_GLC,7031,1543278,27.6163,88.6586,Sikkim,,"Bop, Sikkim",landslide,unknown,2015-05-24,day,0,0,1km,The Olympian,TRUE,TRUE,FALSE,FALSE
NASA_GLC,587,1543312,27.2298,94.0989,Assam,,"Lakhimpur district, Bihpuria, Assam",landslide,downpour,2008-06-15,day,17,0,25km,Telegraph India,TRUE,TRUE,FALSE,FALSE
NASA_GLC,148,1543323,22.479,92.967,Mizoram,,Saiha,landslide,downpour,2007-07-30,day,0,0,25km,Red Cross - Field reports,TRUE,TRUE,FALSE,FALSE
NASA_GLC,2539,1543379,28.3092,95.4149,Arunachal Pradesh,,"Mosing village, Upper Siang district, Arunachal Pradesh",landslide,downpour,2010-10-03,day,10,0,25km,gsi.gov,TRUE,TRUE,FALSE,FALSE
NASA_GLC,6015,1542625,27.9032,96.174,Arunachal Pradesh,,Lohit District of Arunachal Pradesh,mudslide,rain,2014-05-08,day,0,0,1km,Business Standard,TRUE,TRUE,FALSE,FALSE
NASA_GLC,870,1542632,27.4,92.35,Arunachal Pradesh,,"West Kameng, Arunachal Pradesh",mudslide,downpour,2008-10-29,day,12,0,50km,sindhtoday,TRUE,TRUE,FALSE,FALSE
NASA_GLC,5427,1542655,25.3833,94.1884,Manipur,,"Koide Government High School, Senapati, Manipur",landslide,downpour,2013-08-15,day,0,0,5km,e-pao.net,TRUE,TRUE,FALSE,FALSE
NASA_GLC,8339,1542656,26.1666,91.7042,Assam,,Kamakhya Temple,landslide,continuous_rain,2015-09-23,day,0,0,1km,Assam Times,TRUE,TRUE,FALSE,FALSE
NASA_GLC,7666,1542683,25.1019,93.3729,Manipur,,Tousem,landslide,continuous_rain,2015-08-11,day,0,0,5km,E-PAO,TRUE,TRUE,FALSE,FALSE
NASA_GLC,7701,1542688,25.6278,94.1051,Nagaland,,Phesama,landslide,continuous_rain,2015-08-19,day,0,0,5km,Nagaland Post,TRUE,TRUE,FALSE,FALSE
NASA_GLC,126,1542722,27.1499,88.38,Sikkim,,Bardang near Singtam,mudslide,rain,2007-07-16,day,0,0,25km,thestatesman.net,TRUE,TRUE,FALSE,FALSE
NASA_GLC,220,1542744,25.1333,93.9667,Manipur,,"Velnal village, Tamei sub-division and Toribari village (3 kilometer toward Tamei from Kangpokpi)",landslide,rain,2007-08-31,day,0,0,25km,kanglaonline.com,TRUE,TRUE,FALSE,FALSE
NASA_GLC,5123,1542762,25.7131,94.0885,Nagaland,,"National Highway 2 Near Meriema Village, 10 Km Away From Kohima",mudslide,rain,2013-07-17,day,0,0,50km,The Hindu,TRUE,TRUE,FALSE,FALSE
NASA_GLC,9972,1542765,26.22247247,91.92053028,Assam,,"Chandrapur, Kamrup Metropolitan, Assam",landslide,continuous_rain,2017-07-03,day,1,0,10km,Hindustan Times,TRUE,TRUE,FALSE,FALSE
NASA_GLC,9875,1542778,24.32420539,93.15020652,Manipur,,"NH 2, Manipur State, India",landslide,downpour,2017-06-26,day,0,0,5km,Zoram Observer,TRUE,TRUE,FALSE,FALSE
NASA_GLC,7334,1542851,28.1737,94.7596,Arunachal Pradesh,,Arunachal Pradesh,landslide,unknown,2015-08-18,day,1,0,unknown,webindia123,TRUE,TRUE,FALSE,FALSE
NASA_GLC,256,1542867,27.3425,88.6236,Sikkim,,Rhodong village near Rhey in East Sikkim,landslide,rain,2007-09-10,day,0,0,10km,Telegraph India,TRUE,TRUE,FALSE,FALSE
NASA_GLC,7279,1542869,24.9818,93.5142,Manipur,,Tamenglong Ward No-IV,mudslide,monsoon,2015-07-24,day,0,0,50km,E-PAO,TRUE,TRUE,FALSE,FALSE
NASA_GLC,4569,1542929,27.8385,88.556,Sikkim,,"North Skkimm Hwy between, Chungthang and Mangan, North Skimm (9 landslides)",landslide,downpour,2012-09-19,day,20,0,10km,Hindustan Times,TRUE,TRUE,FALSE,FALSE
NASA_GLC,5084,1542960,25.616,94.1167,Nagaland,,"National Highway 2 Near Phesama Village Close To Kisama Naha Heritage Site, Kohima District, Nagaland",landslide,downpour,2013-07-12,day,0,0,10km,www.assamtribune.com,TRUE,TRUE,FALSE,FALSE
NASA_GLC,8996,1541387,26.1768,91.7702,Assam,,"Pub Sarania hill, South Sarania, Guwahati, Assam, India",landslide,monsoon,2016-07-14,day,1,0,1km,Indian Express,TRUE,TRUE,FALSE,FALSE
NASA_GLC,9834,1541399,27.05880384,93.54136779,Arunachal Pradesh,,"Poma, 6km away from Itanagar",landslide,rain,2017-06-21,day,0,0,1km,Arunachal Times,TRUE,TRUE,FALSE,FALSE
NASA_GLC,9797,1541406,27.769793,93.50995626,Arunachal Pradesh,,"Sarli-Damin road in Kurung Kumey district, near Lee village",mudslide,rain,2017-05-24,day,1,0,25km,Arunachal Times,TRUE,TRUE,FALSE,FALSE
NASA_GLC,10004,1541409,26.14547804,91.79364785,Assam,,"Dispur, Kamrup Metropolitan, Assam",landslide,continuous_rain,2017-07-10,day,0,0,1km,The Assam Tribune,TRUE,TRUE,FALSE,FALSE
NASA_GLC,1109,1541435,25.5215,93.1645,Assam,,Lumding-Badarpur section in North Cachar Hills district,landslide,downpour,2009-08-20,day,0,0,25km,prokerala,TRUE,TRUE,FALSE,FALSE
NASA_GLC,1775,1541488,27.8965,96.1779,Arunachal Pradesh,,Arunachal Pradesh,landslide,downpour,2010-04-21,day,12,0,unknown,gsi.gov,TRUE,TRUE,FALSE,FALSE
NASA_GLC,3269,1541516,28.0791,96.5242,Arunachal Pradesh,,"road from other districts to Hawai(Tawai?) which is  on Lojit river, near Hayuliang,  Anjaw district, Arunachal Pradesh",landslide,downpour,2011-03-22,day,0,0,10km,articles.timesofindia,TRUE,TRUE,FALSE,FALSE
NASA_GLC,2283,1541562,24.8961,93.4957,Manipur,,"2 km from Khongsang village(?), road between Tamenglong and Imphal or Nungba, Manipur",mudslide,downpour,2010-08-19,day,0,0,5km,e-pao.net,TRUE,TRUE,FALSE,FALSE
NASA_GLC,3662,1541579,25.03561729,94.0144205,Manipur,,"Ikou-Gangpijang road, near: Ikou, Saikul, and Gangpijang; Imphal India",landslide,rain,2011-06-28,day,0,0,25km,E-PAO,TRUE,TRUE,FALSE,FALSE
NASA_GLC,7383,1541607,23.899,94.1434,Manipur,,"Tuitung village, Khengjoi",landslide,rain,2015-08-01,day,0,0,5km,Hindustan Times,TRUE,TRUE,FALSE,FALSE
NASA_GLC,11173,1541671,27.61790706,93.84196894,Arunachal Pradesh,,"IMC ward #18 (??), Lower Subansiri, Arunachal Pradesh",landslide,monsoon,2017-04-22,day,0,0,10km,The Dawnlit Post,TRUE,TRUE,FALSE,FALSE
NASA_GLC,4858,1541721,26.1662,91.7138,Assam,,"Nursery, North Guwahati, Guwahati, Assam,",landslide,rain,2013-05-11,day,0,0,50km,articles.timesofindia.indiatimes.com,TRUE,TRUE,FALSE,FALSE
NASA_GLC,6288,1541773,26.1985,91.7998,Assam,,Noonmati,landslide,rain,2014-09-22,day,0,0,5km,Assam Tribune,TRUE,TRUE,FALSE,FALSE
NASA_GLC,13263,1541812,27.303999,92.407813,Arunachal Pradesh,,"5 mile area, between Bomdila and Dirang road, Chariduar - Tawang Road, India.",rock_fall,unknown,2017-09-30,day,0,0,10km,The Arunachal Times,TRUE,TRUE,FALSE,FALSE
NASA_GLC,9974,1541915,25.4976444,94.12901274,Manipur,,"AH1, Mao-Maram, Senapati, Manipur, 795150",landslide,continuous_rain,2017-07-04,day,0,0,1km,Imphal Free Press,TRUE,TRUE,FALSE,FALSE
NASA_GLC,9853,1541917,27.593,88.492,Sikkim,,"Dzongu, Sikkim, India",landslide,rain,2016-08-16,day,0,0,exact,AGU Blog,TRUE,TRUE,FALSE,FALSE
NASA_GLC,9877,1541919,24.21988831,93.20266204,Manipur,,"NH-2, Pherzawl District, Manipur State, India",landslide,downpour,2017-06-26,day,0,0,10km,Zoram Observer,TRUE,TRUE,FALSE,FALSE
NASA_GLC,9876,1541921,24.30415689,93.18182448,Manipur,,"NH 2, Manipur State, India",landslide,downpour,2017-06-27,day,0,0,5km,Zoram Observer,TRUE,TRUE,FALSE,FALSE
NASA_GLC,1125,1541983,27.3746,88.7648,Sikkim,,"17th Mile towards Tsomgo Lake, near Kyongsala, Sikkim",landslide,rain,2009-08-26,day,0,0,25km,beacononline.wordpress,TRUE,TRUE,FALSE,FALSE
NASA_GLC,10957,1542032,22.90813548,92.47207294,Mizoram,,"Tlabung, Lungsen, Lunglei, Mizoram",landslide,rain,2017-06-09,day,10,0,100km,Hindustan Times,TRUE,TRUE,FALSE,FALSE
NASA_GLC,10985,1542033,25.43807422,91.79904872,Meghalaya,,"Khatarshnong Laitkroh, East Khasi Hills, Meghalaya",landslide,continuous_rain,2017-06-17,day,1,2,1km,The Arunachal Times,TRUE,TRUE,FALSE,FALSE
NASA_GLC,12712,1542096,24.981195,94.018619,Manipur,,"6-7 km away from Saikul, near Champhai, Imphal-Saikul Rd, Manipur, India",landslide,downpour,2017-09-29,day,0,0,10km,Kangla Online,TRUE,TRUE,FALSE,FALSE
NASA_GLC,12713,1542097,25.533595,94.133345,Manipur,,"about 1 km from the AH2 national highway which runs through the center of Khuzama, Mewoboke Colony, Khuzama, Nagaland 797005, India",mudslide,continuous_rain,2017-10-22,day,0,0,1km,webindia123,TRUE,TRUE,FALSE,FALSE
NASA_GLC,5476,1542148,27.3736,88.7323,Sikkim,,14 Milestone Of J N Marg Near Kyangnosola (East Sikkim),landslide,rain,2013-09-07,day,0,0,25km,articles.timesofindia.indiatimes.com,TRUE,TRUE,FALSE,FALSE
NASA_GLC,11170,1544582,27.14163897,93.66495709,Arunachal Pradesh,,"Naharlagun Sub-District, Papum Pare, Arunachal Pradesh",mudslide,continuous_rain,2017-07-09,day,0,0,5km,The Arunachal Times,TRUE,TRUE,FALSE,FALSE
NASA_GLC,3633,1544688,26.3186,94.5121,Nagaland,,Mokokchung,landslide,downpour,2011-06-20,day,0,0,5km,morungexpress,TRUE,TRUE,FALSE,FALSE
NASA_GLC,11152,1544699,25.08303063,94.23757741,Manipur,,"Sirakhong, Ukhrul Central, Ukhrul, Manipur State, India",landslide,unknown,2017-04-06,day,0,0,exact,Dailyworld,TRUE,TRUE,FALSE,FALSE
NASA_GLC,11163,1544725,26.95223279,93.85748748,Assam,,"Narayanpur, Lakhimpur, Assam, 784164",landslide,continuous_rain,2017-07-10,day,2,0,1km,Firstpost,TRUE,TRUE,FALSE,FALSE
NASA_GLC,11160,1544738,26.2632687,94.81481951,Nagaland,,"Tuensang, Nagaland",landslide,unknown,2017-07-10,day,0,0,5km,Eastern Mirror,TRUE,TRUE,FALSE,FALSE
NASA_GLC,11174,1544740,27.6802471,93.62592773,Arunachal Pradesh,,"Palin, Kurung Kumey, Arunachal Pradesh",landslide,continuous_rain,2017-04-22,day,3,0,1km,The Northeast Today,TRUE,TRUE,FALSE,FALSE
NASA_GLC,7409,1544759,25.72,94.6219,Nagaland,,Meluri Sub-Division in Phek District of Nagaland,landslide,continuous_rain,2015-08-02,day,0,0,10km,IBN Live,TRUE,TRUE,FALSE,FALSE
NASA_GLC,6112,1544806,26.1964,91.7652,Assam,,"Kharghuli Hills, Assam",landslide,rain,2014-06-28,day,0,0,exact,Assam Times,TRUE,TRUE,FALSE,FALSE
NASA_GLC,7838,1544888,23.6866,93.017,Mizoram,,the state highway which links the rest of the state to eastern Champhai district,landslide,downpour,2015-08-27,day,0,0,50km,Indian Express,TRUE,TRUE,FALSE,FALSE
NASA_GLC,212,1544957,25.5576,91.8506,Meghalaya,,National Highway No 44 at Sonarpur in Meghalaya,complex,rain,2007-08-26,day,0,0,unknown,Newspost India.com,TRUE,TRUE,FALSE,FALSE
NASA_GLC,4408,1544969,25.5498,92.0757,Meghalaya,,"NH44, Kuliang",landslide,downpour,2012-06-13,day,0,0,unknown,zeenews.india,TRUE,TRUE,FALSE,FALSE
NASA_GLC,5429,1544970,27.3425,88.2426,Sikkim,,Tamabong Village In Sikkim State,landslide,downpour,2013-09-01,day,5,0,50km,sciencythoughts.blogspot.com,TRUE,TRUE,FALSE,FALSE
NASA_GLC,7933,1544268,26.1868,91.6739,Assam,,Maligaon,rock_fall,rain,2015-09-01,day,2,0,1km,Assam Times,TRUE,TRUE,FALSE,FALSE
NASA_GLC,7372,1544278,25.0634,94.3415,Manipur,,Naga Gate along the Ukhrul-Imphal route,mudslide,continuous_rain,2015-07-31,day,0,0,10km,E-PAO,TRUE,TRUE,FALSE,FALSE
NASA_GLC,2570,1544363,24.837,93.9128,Manipur,,"Tharon(?) and Langol Tarung villages, Thangmeiband constituency, Imphal, Manipur",landslide,downpour,2010-10-08,day,0,0,5km,e-pao.net,TRUE,TRUE,FALSE,FALSE
NASA_GLC,7389,1544418,24.4072,94.0644,Manipur,,between Bongyang and Lokchao along the Imphal-Moreh highway,landslide,continuous_rain,2015-08-01,day,0,0,5km,E-PAO,TRUE,TRUE,FALSE,FALSE
NASA_GLC,142,1544522,25.5212,90.232,Meghalaya,,Tura,rock_fall,rain,2007-07-27,day,8,0,10km,Telegraph India,TRUE,TRUE,FALSE,FALSE
NASA_GLC,11164,1544561,27.1071241,93.65156438,Arunachal Pradesh,,"NH-52A, Naharlagun Sub-District, Papum Pare, Arunachal Pradesh, 791111",landslide,continuous_rain,2017-07-09,day,0,0,5km,Arunachal Times,TRUE,TRUE,FALSE,FALSE
NASA_GLC,10963,1544574,23.33501164,92.85410625,Mizoram,,"Serchhip District, Mizoram, 796230",landslide,rain,2017-06-12,day,1,0,10km,Imphal Free Press,TRUE,TRUE,FALSE,FALSE
NASA_GLC,269,1543784,27.2872,88.2816,Sikkim,,Geyzing-Jorethang road and Naya Bazar-Legship road,landslide,rain,2007-09-18,day,0,0,50km,thestatesman.net,TRUE,TRUE,FALSE,FALSE
NASA_GLC,10979,1543799,25.195355,93.172758,Assam,,"Phaiding, Assam, India",landslide,rain,2017-04-04,day,0,0,1km,DNA,TRUE,TRUE,FALSE,FALSE
NASA_GLC,10968,1543803,24.27173018,93.28039349,Manipur,,"Thanlon, Churachandpur, Manipur",landslide,continuous_rain,2017-07-09,day,0,0,1km,Hindustan Times,TRUE,TRUE,FALSE,FALSE
NASA_GLC,11169,1543806,27.05957271,93.50102778,Arunachal Pradesh,,"Itanagar- Jote-Tapiasso road, Papum Pare, Arunachal Pradesh",landslide,continuous_rain,2017-07-09,day,0,0,10km,The Arunachal Times,TRUE,TRUE,FALSE,FALSE
NASA_GLC,11155,1543821,25.72019272,94.03225673,Nagaland,,"Kiruphema village, Kohima, Nagaland",landslide,continuous_rain,2017-07-08,day,0,0,5km,WebIndia123,TRUE,TRUE,FALSE,FALSE
NASA_GLC,11154,1543822,25.77171292,93.93507183,Nagaland,,"Medziphema, Dimapur, Nagaland",landslide,rain,2017-04-07,day,0,0,5km,Nagaland Post,TRUE,TRUE,FALSE,FALSE
NASA_GLC,11166,1543825,27.07671517,93.59755441,Arunachal Pradesh,,"Aalo, Itanagar, Papum Pare, Arunachal Pradesh",landslide,continuous_rain,2017-07-09,day,0,0,5km,Arunachal Times,TRUE,TRUE,FALSE,FALSE
NASA_GLC,11151,1543830,25.06466676,94.27420555,Manipur,,"Ukhrul Central, Ukhrul, Manipur",landslide,continuous_rain,2017-07-08,day,0,0,100km,E-Pao,TRUE,TRUE,FALSE,FALSE
NASA_GLC,11403,1543847,23.73672831,92.7516868,Mizoram,,"near Zemabawk, Aizawl, Mizoram, 796017",landslide,continuous_rain,2018-05-12,day,4,0,1km,The Morung Express,TRUE,TRUE,FALSE,FALSE
NASA_GLC,319,1543901,25.4379,94.1162,Manipur,,"Maram-Purul Road, Karong Assembly Constituency of Senapati district, Manipur",landslide,rain,2007-10-19,day,0,0,50km,e-Pao.net,TRUE,TRUE,FALSE,FALSE
NASA_GLC,2415,1543916,25.63961883,94.11112157,Nagaland,,power lines 5 km from Kohima,landslide,downpour,2010-09-12,day,0,0,25km,Telegraph,TRUE,TRUE,FALSE,FALSE
NASA_GLC,7385,1543967,24.004,93.9815,Manipur,,"Holenjang, Chandel district",landslide,continuous_rain,2015-08-01,day,0,0,10km,India Today,TRUE,TRUE,FALSE,FALSE
NASA_GLC,3683,1543983,25.8782,94.1739,Nagaland,,NH-61 between Botsa and Chiechama,landslide,downpour,2011-07-01,day,0,0,10km,morungexpress,TRUE,TRUE,FALSE,FALSE
NASA_GLC,7956,1544007,26.048,91.8695,Meghalaya,,Byrnihat,landslide,unknown,2015-09-05,day,0,0,1km,The Assam Tribune,TRUE,TRUE,FALSE,FALSE
NASA_GLC,1857,1544038,25.3433,92.2897,Meghalaya,,"National highway 44 at Sunapur and Tongseng in Jaintia Hills district, eastern Meghalaya",landslide,downpour,2010-05-11,day,0,0,25km,prokerala,TRUE,TRUE,FALSE,FALSE
NASA_GLC,9232,1544070,23.5397,93.3783,Mizoram,,"Ngur, near Mizoram-Myanmar border, India",landslide,continuous_rain,2016-07-28,day,2,6,1km,Business Standard,TRUE,TRUE,FALSE,FALSE
NASA_GLC,3944,1544090,27.7344,88.633,Sikkim,,"Hee-Khola, Sikkim",landslide,downpour,2011-08-25,day,2,0,10km,ibnlive.in,TRUE,TRUE,FALSE,FALSE
NASA_GLC,7335,1544126,25.5145,90.2023,Meghalaya,,Tura Civil Hospital,landslide,continuous_rain,2015-08-18,day,0,0,1km,Shillong Times,TRUE,TRUE,FALSE,FALSE
NASA_GLC,3643,1544132,27.2879,88.2579,Sikkim,,Villages surrounding the West Sikkim district of,landslide,downpour,2011-06-23,day,16,0,5km,assamtribune,TRUE,TRUE,FALSE,FALSE
NASA_GLC,2106,1544141,26.8716,94.9921,Nagaland,,"road to Oting near Longlam village, 13 km from Tizit subdivision, Mon district, Nagaland",landslide,downpour,2010-07-20,day,0,0,25km,nagalandpost,TRUE,TRUE,FALSE,FALSE
NASA_GLC,2411,1543400,27.0011,93.7273,Arunachal Pradesh,,"districts Lakhimpur, Dhemaji, Golaghat, and Sonitpur, Assam province",landslide,downpour,2010-09-10,day,0,0,unknown,timesofindia.indiatimes,TRUE,TRUE,FALSE,FALSE
NASA_GLC,9124,1543406,25.203,90.5573,Meghalaya,,"Rongthragittim Songittal village, near Sibbari, South Garo Hills District, Meghalaya, India",translational_slide,continuous_rain,2016-07-19,day,0,0,5km,Business Standard,TRUE,TRUE,FALSE,FALSE
NASA_GLC,2421,1543412,23.75406693,92.74128531,Mizoram,,"road to Muanna Godown, Zuangtui, Mizoram",landslide,downpour,2010-09-13,day,0,0,1km,Mizoram Express,TRUE,TRUE,FALSE,FALSE
NASA_GLC,5268,1543443,26.0137,94.5163,Nagaland,,"Zunheboto, Nagaland",landslide,continuous_rain,2013-08-04,day,0,0,25km,www.morungexpress.com,TRUE,TRUE,FALSE,FALSE
NASA_GLC,2405,1543481,28.3036,95.4112,Arunachal Pradesh,,"Mossing(Mosing) village(?), Upper Siang district, Arunachal Pradesh",landslide,downpour,2010-09-09,day,10,0,unknown,timesofindia.indiatimes,TRUE,TRUE,FALSE,FALSE
NASA_GLC,2345,1543487,27.3392,88.6188,Sikkim,,"Daragaon(?), Gangtok city, Sikkim",landslide,downpour,2010-08-27,day,0,0,5km,thehindu,TRUE,TRUE,FALSE,FALSE
NASA_GLC,9869,1543598,26.88161,95.399897,Arunachal Pradesh,,"Longding, India",landslide,other,2016-08-16,day,1,0,25km,The Assam Tribune,TRUE,TRUE,FALSE,FALSE
NASA_GLC,9743,1543601,27.05909317,93.54235868,Arunachal Pradesh,,"Poma River, west of Itangar",landslide,unknown,2017-06-04,day,0,0,5km,Arunachal Times,TRUE,TRUE,FALSE,FALSE
NASA_GLC,9935,1543610,27.08168565,93.60815652,Arunachal Pradesh,,"Sanglo Potum (??), Itanagar, Papum Pare, Arunachal Pradesh",landslide,continuous_rain,2017-07-01,day,0,0,5km,Arunachal Pradesh,TRUE,TRUE,FALSE,FALSE
NASA_GLC,9934,1543611,27.01145644,92.64204045,Arunachal Pradesh,,"Bhalukpong, West Kameng, Arunachal Pradesh",landslide,continuous_rain,2017-07-01,day,0,0,1km,Arunachal Times,TRUE,TRUE,FALSE,FALSE
NASA_GLC,322,1543636,24.75,93.4333,Manipur,,National Highway 53 at Nungba in Tamenglong district of Manipur,landslide,rain,2007-10-21,day,0,0,25km,Hmar.net,TRUE,TRUE,FALSE,FALSE
NASA_GLC,5442,1543687,27.1614,93.7525,Arunachal Pradesh,,Arunachal Pradesh,landslide,downpour,2013-09-02,day,0,0,unknown,ibnlive.in.com,TRUE,TRUE,FALSE,FALSE
NASA_GLC,6292,1543689,25.7238,89.9032,Assam,,Hatsingimari,landslide,continuous_rain,2014-09-23,day,1,0,5km,Deccan Herald,TRUE,TRUE,FALSE,FALSE
NASA_GLC,5336,1543723,26.3897,94.9439,Nagaland,,"Tobu, Nagaland",landslide,rain,2013-08-16,day,0,0,10km,www.morungexpress.com,TRUE,TRUE,FALSE,FALSE
NASA_GLC,7836,1543740,24.042,92.6724,Mizoram,,"National Highway 54, at Kawnpui town",landslide,downpour,2015-08-27,day,0,0,10km,Indian Express,TRUE,TRUE,FALSE,FALSE
NASA_GLC,4798,1543747,28.8254,96.1509,Arunachal Pradesh,,"Dibang Valley, Arunachal Pradesh",landslide,rain,2013-04-07,day,0,0,unknown,www.ndtv.com,TRUE,TRUE,FALSE,FALSE
NASA_GLC,7923,1543763,26.49349035,91.72137514,Assam,,Amingaon,landslide,rain,2015-09-01,day,2,0,10km,The New Indian Express,TRUE,TRUE,FALSE,FALSE
NASA_GLC,3760,1543775,25.6703,94.1095,Nagaland,,"NH-61, 1 km before reaching Botsa",landslide,downpour,2011-07-11,day,0,0,25km,morungexpress,TRUE,TRUE,FALSE,FALSE
NASA_GLC,1084,1545083,27.7,92.8,Arunachal Pradesh,,"Upper Subansiri District, Arunanchal Pradesh",landslide,downpour,2009-08-12,day,0,0,5km,timesofindia.indiatimes,TRUE,TRUE,FALSE,FALSE
NASA_GLC,2166,1545086,24.9786,93.5027,Manipur,,"Highway 53 at Tupul, Tamenglong district",landslide,downpour,2010-07-29,day,0,0,10km,gsi.gov,TRUE,TRUE,FALSE,FALSE
NASA_GLC,8366,1545089,25.583,91.893,Meghalaya,,"Shillong, Meghalaya, India",landslide,downpour,2015-09-23,day,2,1,5km,The Northeast Today,TRUE,TRUE,FALSE,FALSE
NASA_GLC,11956,1545191,22.148327,92.80921064,Mizoram,,,landslide,unknown,1970-01-01,day,0,0,exact,NASA SERVIR Science Coordination Office & SERVIR-Mekong,TRUE,TRUE,FALSE,FALSE
NASA_GLC,5430,1545256,24.9037,93.487,Manipur,,"Tamenglong- Khongsang Road, Manipur",mudslide,continuous_rain,2013-09-01,day,0,0,25km,e-pao.net,TRUE,TRUE,FALSE,FALSE
NASA_GLC,8901,1545269,25.7902,94.1318,Nagaland,,"National Highway 2, near Kohima, Nagaland, India",landslide,downpour,2016-07-10,day,0,0,25km,Business Standard,TRUE,TRUE,FALSE,FALSE
NASA_GLC,5337,1545297,26.4205,94.9731,Nagaland,,"Yakshu, Nagaland",landslide,rain,2013-08-16,day,0,0,5km,www.morungexpress.com,TRUE,TRUE,FALSE,FALSE
NASA_GLC,6106,1545312,26.1407,91.7645,Assam,,Narakasur,landslide,continuous_rain,2014-06-26,day,3,0,5km,Two Circles,TRUE,TRUE,FALSE,FALSE
NASA_GLC,7373,1545323,24.9111,94.4759,Manipur,,between Maku village and Kamjong sub division,landslide,continuous_rain,2015-08-01,day,0,0,10km,E-PAO,TRUE,TRUE,FALSE,FALSE
NASA_GLC,7887,1545348,27.8835,96.9262,Arunachal Pradesh,,Hawai,landslide,continuous_rain,2015-08-16,day,0,0,50km,The Times of India,TRUE,TRUE,FALSE,FALSE
NASA_GLC,7972,1545385,23.4495,92.8112,Mizoram,,"Mizoram, India",landslide,downpour,2015-08-28,day,0,0,25km,The Indian Express,TRUE,TRUE,FALSE,FALSE
NASA_GLC,5107,1545429,25.6269,94.1139,Nagaland,,"National Highway 29 Near Phesama Village, Nagaland",landslide,rain,2013-07-15,day,0,0,10km,articles.timesofindia.indiatimes.com,TRUE,TRUE,FALSE,FALSE
NASA_GLC,5343,1545445,24.7625,93.4341,Manipur,,The Imphal-Jiribam Section Of Nh-37 In Tamenglong District,landslide,continuous_rain,2013-08-17,day,0,0,10km,www.nagalandpost.com,TRUE,TRUE,FALSE,FALSE
NASA_GLC,6990,1545502,26.0319,94.5466,Nagaland,,"New Land (""New Colony"")",landslide,continuous_rain,2015-06-24,day,0,0,5km,Nagaland Post,TRUE,TRUE,FALSE,FALSE
NASA_GLC,9169,1545505,26.1677,94.2442,Nagaland,,"on road between Mon and Tobu near Telangsao Hydro project , Nagaland, India",landslide,continuous_rain,2016-06-12,day,0,0,100km,Nagaland Post,TRUE,TRUE,FALSE,FALSE
NASA_GLC,4313,1545508,28.4659,95.86,Arunachal Pradesh,,"Endulin Nallah, Mayodia, 17-camp, 83-camp",landslide,downpour,2012-04-08,day,0,0,50km,timesofindia.indiatimes,TRUE,TRUE,FALSE,FALSE
NASA_GLC,6143,1545552,23.7327,92.7463,Mizoram,,"Zembabawk, Aizawl",landslide,downpour,2014-07-14,day,1,2,5km,Business Standard,TRUE,TRUE,FALSE,FALSE
NASA_GLC,2566,1545567,25.4769,94.1351,Manipur,,"Sahong, Tabu and Pani village under Tadubi police station of Senapati district, NH-39",mudslide,downpour,2010-10-08,day,0,0,5km,e-pao.net,TRUE,TRUE,FALSE,FALSE
NASA_GLC,4892,1545625,27.8776,94.25,Arunachal Pradesh,,Upper Subansiri,landslide,downpour,2013-06-01,day,0,0,50km,articles.timesofindia.indiatimes.com,TRUE,TRUE,FALSE,FALSE
NASA_GLC,5421,1545626,26.4205,94.9731,Nagaland,,"Yakshu, Nagaland",mudslide,unknown,2013-08-30,day,0,0,5km,www.nagalandpost.com,TRUE,TRUE,FALSE,FALSE
NASA_GLC,7664,1545632,24.7459,93.4251,Manipur,,Nungba,landslide,continuous_rain,2015-08-11,day,0,0,10km,E-PAO,TRUE,TRUE,FALSE,FALSE
NASA_GLC,2420,1545641,23.72988966,92.71495623,Mizoram,,"Tuikual 'C', Aizawl, Mizoram",landslide,downpour,2010-09-13,day,1,0,1km,Mizoram Express,TRUE,TRUE,FALSE,FALSE
NASA_GLC,7837,1545692,23.7269,92.7265,Mizoram,,three graveyards within Aizawl,landslide,downpour,2015-08-27,day,0,0,5km,Indian Express,TRUE,TRUE,FALSE,FALSE
NASA_GLC,9122,1545697,26.1966,91.802,Assam,,"Noonmati, Guwahati, Assam, India",landslide,rain,2016-07-20,day,0,0,5km,Times of India,TRUE,TRUE,FALSE,FALSE
NASA_GLC,5338,1545764,26.8727,94.9275,Nagaland,,"Longlem, Nagaland",landslide,rain,2013-08-16,day,0,0,25km,www.nagalandpost.com,TRUE,TRUE,FALSE,FALSE
NASA_GLC,4385,1546986,27.7167,88.5577,Sikkim,,"lachen, Sikkim",landslide,downpour,2012-06-03,day,0,0,5km,Telegraph India,TRUE,TRUE,FALSE,FALSE
NASA_GLC,9428,1546990,27.5523,91.752,Arunachal Pradesh,,"Thongleng village, Lumla, Tawang, Arunachal Pradesh, India",landslide,continuous_rain,2016-04-22,day,2,4,10km,Arunchal Times,TRUE,TRUE,FALSE,FALSE
NASA_GLC,6331,1547032,25.9466,94.6279,Nagaland,,Kiphire-Seyochung road near Yangzitong village,mudslide,unknown,2014-09-08,day,0,0,25km,Nagaland Post,TRUE,TRUE,FALSE,FALSE
NASA_GLC,1987,1547037,25.2269,93.1658,Assam,,"rails between Mahur and Wadringdisa(?), Assam",landslide,downpour,2010-06-15,day,0,0,25km,ptinews,TRUE,TRUE,FALSE,FALSE
NASA_GLC,6775,1547044,26.1468,91.6469,Assam,,Kailashpur hill,landslide,mining,2015-02-14,day,1,2,5km,Telegraph,TRUE,TRUE,FALSE,FALSE
NASA_GLC,4860,1547063,26.1016,91.6906,Assam,,"Boragaon, North Guwahati, Guwahati, Assam,",landslide,rain,2013-05-11,day,0,0,5km,articles.timesofindia.indiatimes.com,TRUE,TRUE,FALSE,FALSE
NASA_GLC,3619,1547095,27.4885,88.4451,Sikkim,,"National HWY 31A, Birik (cut off Sikkim)",mudslide,rain,2011-06-17,day,0,0,unknown,Telegraph India,TRUE,TRUE,FALSE,FALSE
NASA_GLC,11149,1547151,24.82767572,93.51825,Manipur,,"NH-37, Manipur State, India",landslide,continuous_rain,2017-07-09,day,0,0,10km,Hindustan Times,TRUE,TRUE,FALSE,FALSE
NASA_GLC,10975,1547153,25.61919207,92.7094701,Assam,,"Makhim (??), West Karbi Anglong, Assam",landslide,continuous_rain,2017-04-29,day,3,0,25km,India Blooms,TRUE,TRUE,FALSE,FALSE
NASA_GLC,10973,1547155,26.181606,91.772042,Assam,,"Pub Sarania Hill, Guwahati, Assam, India",landslide,unknown,2016-12-15,day,1,0,1km,NBC Daily,TRUE,TRUE,FALSE,FALSE
NASA_GLC,9215,1547239,27.1758,88.5294,Sikkim,,NH10 in Rangpo,rock_fall,unknown,2016-01-14,day,1,5,1km,Hindustan Times,TRUE,TRUE,FALSE,FALSE
NASA_GLC,9733,1547253,23.86469956,91.8949662,Tripura,,Vidyamohan Chowdhury Para (???) of remote Dhalai district,landslide,continuous_rain,2017-06-03,day,3,1,50km,Signs of the Times,TRUE,TRUE,FALSE,FALSE
NASA_GLC,2575,1547258,25.5242,92.9914,Assam,,"road between Haflong and Lanka, Assam",landslide,downpour,2010-10-09,day,0,0,50km,dnaindia,TRUE,TRUE,FALSE,FALSE
NASA_GLC,3840,1547260,24.6869,93.9157,Manipur,,Manipur,landslide,downpour,2011-07-25,day,0,0,50km,assamtribune,TRUE,TRUE,FALSE,FALSE
NASA_GLC,4906,1547269,26.0977,94.7499,Nagaland,,"Helipong-Chessore Road, Nagaland",landslide,unknown,2013-06-07,day,0,0,10km,www.nagalandpost.com,TRUE,TRUE,FALSE,FALSE
NASA_GLC,9952,1547288,26.10430759,91.86227824,Assam,,"Sonapur, Kamrup Metropolitan, Assam",landslide,downpour,2017-07-03,day,0,0,5km,The Assam Tribune,TRUE,TRUE,FALSE,FALSE
NASA_GLC,9993,1547289,27.97875751,94.26296826,Arunachal Pradesh,,"Daporijo-Dumporijo road, Arunachal Pradesh, India",landslide,rain,2017-07-04,day,0,0,10km,The Arunachal Times,TRUE,TRUE,FALSE,FALSE
NASA_GLC,9704,1547305,25.11956675,94.36416626,Manipur,,"Khaivarentang village (??) in Ukhrul, Manipur",mudslide,continuous_rain,2017-06-12,day,0,0,50km,Eastern Mirror,TRUE,TRUE,FALSE,FALSE
NASA_GLC,264,1547316,26.1833,91.8,Assam,,Guwahati,landslide,rain,2007-09-13,day,0,0,10km,Saharas Samay,TRUE,TRUE,FALSE,FALSE
NASA_GLC,2281,1545794,25.61560252,94.11603493,Nagaland,,"Kisima, Nagaland",landslide,downpour,2010-08-19,day,0,0,5km,E-PAO,TRUE,TRUE,FALSE,FALSE
NASA_GLC,2263,1545820,26.2753,94.6654,Nagaland,,"Dikhu bridge(?), Mokokchung-Tuensang road, Nagaland",landslide,downpour,2010-08-17,day,0,0,25km,morungexpress,TRUE,TRUE,FALSE,FALSE
NASA_GLC,9087,1545827,28.235,94.9612,Arunachal Pradesh,,"5 km off Sangam point on Aalo- Pangin road, Arunachal Pradesh, India",landslide,downpour,2016-07-19,day,0,0,50km,NELive,TRUE,TRUE,FALSE,FALSE
NASA_GLC,5006,1545870,26.1147,94.3864,Nagaland,,"Thillong Village, Doyang Along State Highway 1, Wokha To Merapani Road",landslide,downpour,2013-07-01,day,0,0,1km,www.nagalandpost.com,TRUE,TRUE,FALSE,FALSE
NASA_GLC,12715,1545937,25.26049558,94.01914123,Manipur,,"Senapati, Mao-Maram, Senapati, Manipur",mudslide,flooding,2017-08-26,day,0,0,5km,The Assam Tribune,TRUE,TRUE,FALSE,FALSE
NASA_GLC,7265,1546009,25.5007,93.9854,Manipur,,Willong-Yangkhullen stretch,landslide,continuous_rain,2015-07-22,day,0,0,5km,The Sangai Express,TRUE,TRUE,FALSE,FALSE
NASA_GLC,6290,1546022,25.5772,91.8666,Meghalaya,,Mawbah under Mawprem area,landslide,continuous_rain,2014-09-23,day,8,1,5km,Zee News,TRUE,TRUE,FALSE,FALSE
NASA_GLC,2437,1546051,23.7527,92.694,Mizoram,,"Aizawl-Lengpui rd 3km from Aizawl, Mizoram, Manipur",landslide,downpour,2010-09-16,day,0,0,5km,mizoramexpress.com,TRUE,TRUE,FALSE,FALSE
NASA_GLC,7371,1546055,23.9939,94.0573,Manipur,,near S Lamphei Lamkhai and Sehlon village,landslide,continuous_rain,2015-08-01,day,0,0,50km,E-PAO,TRUE,TRUE,FALSE,FALSE
NASA_GLC,1129,1546113,24.8628,94.4182,Manipur,,"Road stretch from Gammom to Chamu village, under Kamjong block, Ukhrul district, Manipur",landslide,downpour,2009-08-30,day,0,0,50km,e-pao.net,TRUE,TRUE,FALSE,FALSE
NASA_GLC,3912,1546140,27.44,92.2833,Arunachal Pradesh,,East Kameng district in Arunachal Pradesh bordering China,landslide,rain,2011-08-12,day,0,0,50km,inewsone,TRUE,TRUE,FALSE,FALSE
NASA_GLC,2423,1546184,23.73504471,92.71060943,Mizoram,,"road to Kanan Veng from Hunthar Veng, Mizoram",landslide,downpour,2010-09-13,day,0,0,1km,Mizoram Express,TRUE,TRUE,FALSE,FALSE
NASA_GLC,8223,1546209,23.7348,92.7187,Mizoram,,"Aizawl, Mizoram, India",landslide,downpour,2015-09-14,day,0,0,5km,The Northeast Today,TRUE,TRUE,FALSE,FALSE
NASA_GLC,7336,1546293,25.2193,90.5549,Meghalaya,,NH-62 at Sibbari,landslide,continuous_rain,2015-08-19,day,0,0,10km,Shillong Times,TRUE,TRUE,FALSE,FALSE
NASA_GLC,3925,1546377,27.4888,93.0153,Arunachal Pradesh,,"East Kameng, Arunachal Pradesh",landslide,downpour,2011-08-15,day,0,0,50km,indianexpress,TRUE,TRUE,FALSE,FALSE
NASA_GLC,2113,1546385,27.3773,88.559,Sikkim,,"Singtam-Mangan rd, Sikkim",landslide,downpour,2010-07-21,day,0,0,25km,kuenselonline,TRUE,TRUE,FALSE,FALSE
NASA_GLC,4990,1546387,27.3765,88.7628,Sikkim,,"Near Changu Lake, 15Km Away From Nathu La, On India-China Border In Eastern Sikkim",landslide,downpour,2013-06-27,day,0,0,1km,www.indiatvnews.com,TRUE,TRUE,FALSE,FALSE
NASA_GLC,1596,1546398,24.7339,93.9161,Manipur,,"LangthAbal Khoupum, Imphal, Manipur",mudslide,downpour,2010-03-27,day,0,0,5km,news.oneindia,TRUE,TRUE,FALSE,FALSE
NASA_GLC,7699,1546436,26.0214,94.5224,Nagaland,,Zunheboto district,landslide,continuous_rain,2015-08-19,day,0,0,50km,Web India 123,TRUE,TRUE,FALSE,FALSE
NASA_GLC,3860,1546473,25.4192,94.108,Manipur,,"Maram, Manipur",landslide,rain,2011-07-29,day,0,0,10km,kanglaonline.com,TRUE,TRUE,FALSE,FALSE
NASA_GLC,7374,1546482,25.1122,94.3591,Manipur,,Ukhrul town Circular road from Rayotang to Viewland Zone II,landslide,continuous_rain,2015-08-01,day,0,0,10km,E-PAO,TRUE,TRUE,FALSE,FALSE
NASA_GLC,8224,1546559,23.7313,92.7187,Mizoram,,"Aizawl, Mizoram, India",landslide,downpour,2015-09-14,day,0,0,5km,The Northeast Today,TRUE,TRUE,FALSE,FALSE
NASA_GLC,10980,1546577,25.181453,93.118105,Assam,,"Mahur, Assam, India",landslide,rain,2017-04-04,day,0,0,1km,DNA,TRUE,TRUE,FALSE,FALSE
NASA_GLC,3789,1546619,27.2743,92.9064,Arunachal Pradesh,,Mebua (8 km from Seppa),landslide,downpour,2011-07-16,day,0,0,10km,english.samaylive,TRUE,TRUE,FALSE,FALSE
NASA_GLC,4403,1546642,24.8142,93.5444,Manipur,,"Imphal-Jiribam section of NH-37 , Manipur",landslide,downpour,2012-06-10,day,0,0,50km,thehindu,TRUE,TRUE,FALSE,FALSE
NASA_GLC,2243,1546647,25.70223725,94.04619681,Nagaland,,"NH-39 near Kohima Municipality Council(KMC) dumping ground, between Zubza(Sechu) and Kohima, Nagaland",landslide,downpour,2010-08-13,day,0,0,5km,E-PAO,TRUE,TRUE,FALSE,FALSE
NASA_GLC,760,1546673,25.67,94.1066,Nagaland,,"Kohima, Nagaland",complex,downpour,2008-08-29,day,0,0,25km,kanglaonline,TRUE,TRUE,FALSE,FALSE
NASA_GLC,258,1546674,24.4279,94.0564,Manipur,,"NH-39 at Imphal-Moreh section, Lokchao largest event",landslide,rain,2007-09-11,day,3,0,50km,kanglaonline.com,TRUE,TRUE,FALSE,FALSE
NASA_GLC,9731,1546683,23.83291945,92.63125938,Mizoram,,"Lengpui Village, Aizawl, Mizoram, India",landslide,downpour,2017-08-26,day,0,0,5km,Zee News,TRUE,TRUE,FALSE,FALSE
NASA_GLC,12719,1546684,25.03190213,92.42257695,Meghalaya,,"Road, Malidor, East Jaintia Hills, Meghalaya, India",landslide,rain,2018-04-28,day,0,0,1km,The Shillong Times,TRUE,TRUE,FALSE,FALSE
NASA_GLC,7706,1546718,25.0728,92.3636,Meghalaya,,National Highway at Kuliang,landslide,rain,2015-08-19,day,0,0,5km,Assam Times,TRUE,TRUE,FALSE,FALSE
NASA_GLC,7276,1546821,26.1062,91.8717,Assam,,,landslide,continuous_rain,2015-07-25,day,2,0,5km,ASSAM Talks,TRUE,TRUE,FALSE,FALSE
NASA_GLC,6287,1546851,26.1295,91.7056,Assam,,Dhirenpara,landslide,rain,2014-09-22,day,0,0,5km,Assam Tribune,TRUE,TRUE,FALSE,FALSE
NASA_GLC,2296,1546852,27.167,88.3652,Sikkim,,"many locations around Namchi, Sikkim",complex,downpour,2010-08-20,day,0,0,10km,thehimalayanbeacon.com,TRUE,TRUE,FALSE,FALSE
NASA_GLC,5273,1546857,26.1807,94.5497,Nagaland,,"Zhekuto, Nagaland",landslide,monsoon,2013-08-04,day,0,0,5km,www.nagalandpost.com,TRUE,TRUE,FALSE,FALSE
NASA_GLC,9336,1546867,24.5308,92.5121,Assam,,"Ramchandi , Hailakandi District, Assam, India",landslide,continuous_rain,2016-05-18,day,1,0,1km,Indian Express,TRUE,TRUE,FALSE,FALSE
NASA_GLC,2574,1546883,25.4749,93.1477,Assam,,"between Mahur and Maigrandisa(?) or Lumding, Assam",landslide,downpour,2010-10-09,day,0,0,50km,dnaindia,TRUE,TRUE,FALSE,FALSE
NASA_GLC,6282,1546884,26.1097,91.7747,Assam,,Lalmati,landslide,rain,2014-09-22,day,1,0,5km,Assam Tribune,TRUE,TRUE,FALSE,FALSE
NASA_GLC,11176,1546926,28.10756941,94.18315697,Arunachal Pradesh,,"Gussar, Upper Subansiri, Arunachal Pradesh",landslide,rain,2017-06-20,day,1,0,5km,The Arunachal Times,TRUE,TRUE,FALSE,FALSE
NASA_GLC,11150,1546934,24.79591421,93.72386429,Manipur,,"NH-37, between T. Laijang and K. Sinam villages, Tamenglong district, Manipur, 795008",landslide,downpour,2017-03-30,day,0,0,10km,Nagaland Post,TRUE,TRUE,FALSE,FALSE
NASA_GLC,11153,1546946,24.83507319,93.89896294,Manipur,,"Langol Laimanai, Imphal West, Manipur",landslide,continuous_rain,2017-07-09,day,0,0,5km,Hindustan Times,TRUE,TRUE,FALSE,FALSE
NASA_GLC,4905,1548238,26.0977,94.7031,Nagaland,,"Kuthur â Huker Road Via Y Anner, Chessore, Nagaland",landslide,unknown,2013-06-07,day,0,0,25km,www.nagalandpost.com,TRUE,TRUE,FALSE,FALSE
NASA_GLC,1771,1548282,26.1978,91.7665,Assam,,"Raj Bhavan Guwahati, Assam",landslide,downpour,2010-04-20,day,0,0,exact,assamtribune,TRUE,TRUE,FALSE,FALSE
NASA_GLC,4394,1548312,27.1748,88.6458,Sikkim,,"Rolep, South Sikkim( Mapping to Rhenock 12 miles from Rolep)",landslide,rain,2012-06-07,day,7,0,25km,Telegraph India,TRUE,TRUE,FALSE,FALSE
NASA_GLC,10972,1548323,26.191688,91.810079,Assam,,"Noonmati Nijarapar, Assam, India",landslide,unknown,2016-12-15,day,1,0,1km,NBC Daily,TRUE,TRUE,FALSE,FALSE
NASA_GLC,10974,1548337,26.16066111,91.85294885,Assam,,"Bonda, Guwahati, Assam, India",landslide,continuous_rain,2017-04-05,day,2,0,5km,The Echo of India,TRUE,TRUE,FALSE,FALSE
NASA_GLC,11168,1548345,27.20938411,93.61539279,Arunachal Pradesh,,"Laptap, Papum Pare, Arunachal Pradesh, India",landslide,continuous_rain,2017-07-11,day,14,0,exact,Hindustan Times,TRUE,TRUE,FALSE,FALSE
NASA_GLC,11167,1548346,27.11610665,93.79559574,Arunachal Pradesh,,"Naharlagun Sub-District, Papum Pare, Arunachal Pradesh",landslide,continuous_rain,2017-07-09,day,0,0,10km,Arunachal Times,TRUE,TRUE,FALSE,FALSE
NASA_GLC,10987,1548388,25.67836832,91.9234343,Meghalaya,,"Umiam, Ribhoi, Meghalaya",landslide,continuous_rain,2017-06-17,day,3,0,5km,The Arunachal Times,TRUE,TRUE,FALSE,FALSE
NASA_GLC,2324,1548396,24.8029,93.6228,Manipur,,NH-53 at K Sinam village,landslide,downpour,2010-08-24,day,0,0,5km,India News,TRUE,TRUE,FALSE,FALSE
NASA_GLC,11332,1548403,24.86388954,93.62191829,Manipur,,"NH-37, Tamenglong, Manipur, 795147",translational_slide,continuous_rain,2018-05-10,day,0,0,5km,The Northeast Today,TRUE,TRUE,FALSE,FALSE
NASA_GLC,3637,1548435,25.51614662,94.2341227,Nagaland,,"Lasumi village in Phek district, Kohima",landslide,rain,2011-06-21,day,0,0,1km,Morung Express,TRUE,TRUE,FALSE,FALSE
NASA_GLC,7589,1548470,25.2568,92.3825,Meghalaya,,National Highway 44,landslide,rain,2015-08-19,day,0,0,25km,International Business Times,TRUE,TRUE,FALSE,FALSE
NASA_GLC,9404,1548472,28.0822,96.5316,Arunachal Pradesh,,"Hayuliang, Anjaw district,Arunachal Pradesh, India",landslide,downpour,2016-05-01,day,0,0,1km,Business Standard,TRUE,TRUE,FALSE,FALSE
NASA_GLC,8995,1548480,26.1963,91.8074,Assam,,"Noonmati Nijarapar area of the city, Guwahati, Assam, India",landslide,monsoon,2016-07-14,day,1,0,5km,Indian Express,TRUE,TRUE,FALSE,FALSE
NASA_GLC,6200,1548489,27.0869,93.6086,Arunachal Pradesh,,Arunachal Pradesh/Itanagar,landslide,downpour,2014-08-17,day,0,0,10km,One India News,TRUE,TRUE,FALSE,FALSE
NASA_GLC,12716,1548507,25.14429782,93.97198129,Manipur,,"SL Veng Road, Kangpokpi, Sadar Hills West, Senapati, Manipur, 795129",mudslide,flooding,2017-06-05,day,0,0,5km,The Assam Tribune,TRUE,TRUE,FALSE,FALSE
NASA_GLC,1061,1548560,27.478,88.527,Sikkim,,"4th Mile, Lower Mangshila in North Sikkim",landslide,downpour,2009-07-01,day,0,0,1km,Telegraph India,TRUE,TRUE,FALSE,FALSE
NASA_GLC,9984,1548576,26.1445447,94.24416766,Nagaland,,"Wokha Sadar Sub-District, Wokha, Nagaland",landslide,downpour,2017-07-01,day,0,0,5km,WebIndia123,TRUE,TRUE,FALSE,FALSE
NASA_GLC,9940,1548577,26.20450454,91.87202793,Assam,,"Panikhaiti, Kamrup Metropolitan, Assam State, India",landslide,continuous_rain,2017-07-03,day,1,0,1km,The Tribune,TRUE,TRUE,FALSE,FALSE
NASA_GLC,9966,1548579,26.092493,94.257523,Nagaland,,"Wokha, India",landslide,rain,2016-09-05,day,0,0,,Nagaland Post,TRUE,TRUE,FALSE,FALSE
NASA_GLC,9983,1548583,26.11613908,94.24222574,Nagaland,,"Wokha Sadar Sub-District, Wokha, Nagaland",landslide,continuous_rain,2017-07-01,day,0,0,5km,WebIndia123,TRUE,TRUE,FALSE,FALSE
NASA_GLC,9989,1548584,23.69461107,92.87641207,Mizoram,,"Aizawl, Mizoram State, India",landslide,other,2017-06-28,day,0,0,10km,Zoram Observer,TRUE,TRUE,FALSE,FALSE
NASA_GLC,9745,1548590,24.19467451,91.82931979,Tripura,,Kamalpur,landslide,rain,2017-06-03,day,3,1,10km,Times of India,TRUE,TRUE,FALSE,FALSE
NASA_GLC,9770,1548596,23.73941422,92.71505961,Mizoram,,"Hunthar Area, NH 54, off of Aizawl",landslide,tropical_cyclone,2017-06-01,day,0,0,5km,Morung Express,TRUE,TRUE,FALSE,FALSE
NASA_GLC,9949,1548597,26.10035658,91.87351723,Assam,,"G S Road, Sonapur, Kamrup Metropolitan, Assam, 781141",landslide,downpour,2017-07-03,day,0,0,1km,The Assam Tribune,TRUE,TRUE,FALSE,FALSE
NASA_GLC,4382,1548639,25.1175,92.8573,Assam,,"Â between Harangajao and Mailongdisa, Assa,",landslide,downpour,2012-06-03,day,0,0,5km,articles.timesofindia,TRUE,TRUE,FALSE,FALSE
NASA_GLC,3560,1548657,24.8286,93.5935,Manipur,,"Gaoilung(Gadailong) village(?), Ward 4(?), Tamenglong, Manipur",landslide,downpour,2011-05-31,day,2,0,50km,kanglaonline.com,TRUE,TRUE,FALSE,FALSE
NASA_GLC,5270,1548714,26.0481,94.4619,Nagaland,,"Phizo, Nagaland",landslide,continuous_rain,2013-08-04,day,0,0,unknown,www.nagalandpost.com,TRUE,TRUE,FALSE,FALSE
NASA_GLC,10007,1548728,26.19037705,91.77306002,Assam,,"Chandmari, Guwahati, Kamrup Metropolitan, Assam, 781003",landslide,continuous_rain,2017-07-10,day,0,0,1km,The Assam Tribune,TRUE,TRUE,FALSE,FALSE
NASA_GLC,2436,1548781,24.3069,93.125,Manipur,,"Taithu village, Churanchandpur district, Mizoram, Manipur",landslide,downpour,2010-09-16,day,0,0,5km,mizoramexpress.com,TRUE,TRUE,FALSE,FALSE
NASA_GLC,10977,1548824,25.481623,93.141692,Assam,,,landslide,rain,2017-04-04,day,0,0,50km,DNA,TRUE,TRUE,FALSE,FALSE
NASA_GLC,10976,1548832,25.118398,92.853913,Assam,,"Harangajao, Assam, India",landslide,rain,2017-04-04,day,0,0,1km,DNA,TRUE,TRUE,FALSE,FALSE
NASA_GLC,11162,1548865,26.56636244,93.13195098,Assam,,"Burapahar, Nagaon, Assam",landslide,continuous_rain,2017-07-09,day,0,0,5km,Daily World,TRUE,TRUE,FALSE,FALSE
NASA_GLC,4426,1548878,26.1226,91.7162,Assam,,Lalunggaon near Gorchuk area,landslide,downpour,2012-06-22,day,3,0,5km,thesop.org,TRUE,TRUE,FALSE,FALSE
NASA_GLC,4857,1548905,23.7281,92.7175,Mizoram,,"Laipuitland , Aizawl, Mizoram",landslide,rain,2013-05-11,day,15,0,25km,articles.timesofindia.indiatimes.com,TRUE,TRUE,FALSE,FALSE
NASA_GLC,2743,1548908,27.5798729,91.85672387,Arunachal Pradesh,,"Tawang Monastery, Arunachal Pradesh",landslide,unknown,2010-11-22,day,0,0,1km,Daily News and Analysis,TRUE,TRUE,FALSE,FALSE
NASA_GLC,1770,1548911,26.1965,91.763,Assam,,"Kharghuli, Guwahati, Assam",landslide,downpour,2010-04-20,day,0,0,1km,assamtribune,TRUE,TRUE,FALSE,FALSE
NASA_GLC,3881,1547825,27.1034,93.6885,Arunachal Pradesh,,Itanagar,landslide,downpour,2011-08-05,day,0,0,5km,articles.timesofindia,TRUE,TRUE,FALSE,FALSE
NASA_GLC,8900,1547829,25.0118,94.3136,Manipur,,"Imphal-Ukhrul sector of National Highway 102, Manipur, India",landslide,monsoon,2016-07-07,day,0,0,25km,Eastern Mirror,TRUE,TRUE,FALSE,FALSE
NASA_GLC,755,1547899,27.337,88.609,Sikkim,,"Ranka, Sikkim and Louing road",landslide,downpour,2008-08-28,day,0,0,25km,beacononline.wordpress,TRUE,TRUE,FALSE,FALSE
NASA_GLC,9742,1547901,25.67061161,94.11844319,Nagaland,,"The road that connects civil secretariat and medical college site towards BSF camp at NhachÃ¼ko, Kohima",landslide,continuous_rain,2017-06-02,day,0,0,1km,Nagaland Post,TRUE,TRUE,FALSE,FALSE
NASA_GLC,9904,1547906,25.660517,94.104931,Nagaland,,"Near Kohima, Nagaland, India",mudslide,rain,2016-08-25,day,0,0,25km,Nagaland Post,TRUE,TRUE,FALSE,FALSE
NASA_GLC,1611,1547935,25.1553,93.028,Assam,,"Paglanala village, Dholai Block, near Dwarbandh locality of the district, Cachar district (could only find district) 45 km from Silchar, Assam",landslide,downpour,2010-04-01,day,3,0,25km,en.apa,TRUE,TRUE,FALSE,FALSE
NASA_GLC,6105,1547952,28.9205,95.3429,Arunachal Pradesh,,Arunachal Pradesh,landslide,continuous_rain,2014-06-26,day,0,0,unknown,Times of India,TRUE,TRUE,FALSE,FALSE
NASA_GLC,10989,1548995,25.51826286,91.9630294,Meghalaya,,"Mawryngkneng, East Khasi Hills, Meghalaya",landslide,mining,2017-02-15,day,2,0,1km,The Shillong Times,TRUE,TRUE,FALSE,FALSE
NASA_GLC,9701,1549014,24.938948,93.496837,Manipur,,"near the Khongjaron Khunthak village, Tamei Road, Manipur, India",landslide,continuous_rain,2017-09-21,day,0,0,10km,e-pao.net,TRUE,TRUE,FALSE,FALSE
NASA_GLC,8684,1549133,25.9611,91.3681,Assam,,"Kamrup district, Assam, India",landslide,continuous_rain,2016-07-07,day,2,2,50km,Hindustan Times,TRUE,TRUE,FALSE,FALSE
NASA_GLC,241,1549144,27.201,88.4883,Sikkim,,"National Highway 31A between Rangpo and Tarkhola, in East Sikkim",landslide,rain,2007-09-07,day,0,0,25km,thestatesman.net,TRUE,TRUE,FALSE,FALSE
NASA_GLC,4392,1549150,29.2409,95.9761,Arunachal Pradesh,,"Dibang, Arunachal Pradesh",landslide,downpour,2012-06-06,day,0,0,10km,allafrica.com,TRUE,TRUE,FALSE,FALSE
NASA_GLC,868,1549161,26.3333,91.25,Assam,,"Kamrup, and Sonitpur, Assam",landslide,downpour,2008-10-29,day,7,0,50km,in.reuters,TRUE,TRUE,FALSE,FALSE
NASA_GLC,1168,1549167,27.1954,88.6115,Sikkim,,"4th Mile on road between Rongli, Rhenock and Rangpo in East Sikkim.",landslide,rain,2009-09-17,day,0,0,5km,sikkimnews.blogspot,TRUE,TRUE,FALSE,FALSE
NASA_GLC,714,1549174,27.163,94.0,Assam,,"Kimin-Ziro road in Papum Pare district, road between Doimukh and Sagalee, Doimukh-Hoj road; Arunachal Pradesh",landslide,rain,2008-08-14,day,0,0,50km,morungexpress,TRUE,TRUE,FALSE,FALSE
NASA_GLC,6110,1549178,26.1619,91.7697,Assam,,"Bhangagarh, Assam",landslide,rain,2014-06-27,day,3,0,exact,Assam Times,TRUE,TRUE,FALSE,FALSE
NASA_GLC,11159,1549212,25.6320357,94.10065403,Nagaland,,"Jakhama, Kohima, Nagaland",landslide,continuous_rain,2017-07-09,day,0,0,10km,Hindustan Times,TRUE,TRUE,FALSE,FALSE
NASA_GLC,10967,1549236,24.37169581,93.70684171,Manipur,,"NH-150, Churachandpur, Manipur, 795133",landslide,rain,2017-07-10,day,0,0,25km,Imphal Times,TRUE,TRUE,FALSE,FALSE
NASA_GLC,11459,1549250,24.98793655,93.49870413,Manipur,,"Namlalong Ward No. 2, Tamenglong, Manipur",landslide,rain,2018-06-03,day,0,2,1km,Imphal Free Press,TRUE,TRUE,FALSE,FALSE
NASA_GLC,11530,1549261,22.87370331,92.7581259,Mizoram,,"Lunglawn, Lunglei town, Mizoram, India",mudslide,continuous_rain,2018-06-05,day,10,0,1km,NorthEast India24,TRUE,TRUE,FALSE,FALSE
NASA_GLC,6968,1549284,25.463,92.2121,Meghalaya,,"Ratacherra village along the NH-44 connecting to Barak Valley in Assam and Tripura, Meghalaya, Mizoramon",landslide,continuous_rain,2015-06-13,day,4,2,5km,newKarala,TRUE,TRUE,FALSE,FALSE
NASA_GLC,2577,1549297,25.5265,93.8673,Manipur,,"NH-39 near Khongnem(?) village, between Imphal and Dimapur, Manipur",landslide,downpour,2010-10-09,day,0,0,50km,e-pao,TRUE,TRUE,FALSE,FALSE
NASA_GLC,4571,1547394,27.6558,88.605,Sikkim,,"Â Chungthang and Pegong. Houses, between Rangma and Chungthang",landslide,downpour,2012-09-19,day,0,0,10km,Hindustan Times,TRUE,TRUE,FALSE,FALSE
NASA_GLC,5122,1547396,25.7658,93.9413,Nagaland,,"National Highway 29 Between Patkai Bridge And Kukidolong, Nagaland",mudslide,rain,2013-07-17,day,0,0,50km,The Hindu,TRUE,TRUE,FALSE,FALSE
NASA_GLC,9951,1547397,26.1061808,91.85158907,Assam,,"Jorabat, Assam State, India",landslide,downpour,2017-07-03,day,0,0,5km,The Assam Tribune,TRUE,TRUE,FALSE,FALSE
NASA_GLC,255,1547412,24.2451,94.0691,Manipur,,Wamkhu village along the Tengnoupal-Joupi road in Chandel district,landslide,rain,2007-09-10,day,0,0,25km,e-Pao.net,TRUE,TRUE,FALSE,FALSE
NASA_GLC,11183,1547443,27.360364,88.651914,Sikkim,,East Sikkim,rock_fall,,2017-07-10,day,0,0,100km,The Northeast Today,TRUE,TRUE,FALSE,FALSE
NASA_GLC,10986,1547461,25.82860033,91.876717,Meghalaya,,"Umsning, Ribhoi, Meghalaya State, India",landslide,downpour,2017-07-06,day,0,0,1km,The Shillong Times,TRUE,TRUE,FALSE,FALSE
NASA_GLC,11357,1547495,24.02515388,91.49747518,Tripura,,"Kambhukcherra and Belfunpara villages, West Tripura, Tripura",landslide,continuous_rain,2018-05-18,day,4,0,5km,Northeast Now,TRUE,TRUE,FALSE,FALSE
NASA_GLC,6222,1547698,27.1249,93.7706,Arunachal Pradesh,,Karsingsa block point,landslide,unknown,2014-10-01,day,5,0,5km,The Assam Tribune,TRUE,TRUE,FALSE,FALSE
NASA_GLC,3525,1547702,25.0672,93.4093,Manipur,,"Kaiphundai(?)-Tousem(in Assam) road, Tamenglong district, Manipur",landslide,downpour,2011-05-22,day,0,0,25km,e-pao,TRUE,TRUE,FALSE,FALSE
NASA_GLC,7263,1547751,25.4477,94.0489,Manipur,,"15 kms from Maram, National Highway-102/A (Maram Peren road)",landslide,continuous_rain,2015-07-22,day,0,0,1km,The Sangai Express,TRUE,TRUE,FALSE,FALSE
NASA_GLC,7264,1547766,25.4538,93.9827,Manipur,,22 kms to 30 kms between Sangkungmai and Willong,landslide,continuous_rain,2015-07-22,day,0,0,5km,The Sangai Express,TRUE,TRUE,FALSE,FALSE
NASA_GLC,5087,1547777,25.6269,94.1139,Nagaland,,"National Highway 29 Near Phesama Village, Nagaland",landslide,downpour,2013-07-12,day,0,0,10km,www.thehindubusinessline.com,TRUE,TRUE,FALSE,FALSE
NASA_GLC,12714,1549425,25.658708,94.098536,Nagaland,,"P.R. Hill, Kohima, Nagaland 797005, India.",landslide,downpour,2017-09-30,day,0,0,1km,webindia123,TRUE,TRUE,FALSE,FALSE
NASA_GLC,12718,1549426,25.55544,93.63981,Nagaland,,"Athibung, Peren, Nagaland",landslide,rain,2017-08-28,day,0,0,5km,The Morung Express,TRUE,TRUE,FALSE,FALSE
NASA_GLC,5250,1549474,27.8837,93.0515,Arunachal Pradesh,,"Polo River At Polosang, Arunachal Pradesh",mudslide,rain,2013-08-01,day,0,0,10km,www.thehindubusinessline.com,TRUE,TRUE,FALSE,FALSE
NASA_GLC,7364,1549583,24.819,94.3551,Manipur,,Phungyar road,landslide,continuous_rain,2015-07-31,day,0,0,10km,E-PAO,TRUE,TRUE,FALSE,FALSE
NASA_GLC,4393,1549611,27.7565,88.632,Sikkim,,"Nathang Maong, Sikkim",landslide,downpour,2012-06-07,day,7,0,25km,thehimalayantimes,TRUE,TRUE,FALSE,FALSE
NASA_GLC,7660,1549633,25.6237,94.1136,Nagaland,,Phesama village,mudslide,continuous_rain,2015-08-12,day,0,0,5km,Nagaland Post,TRUE,TRUE,FALSE,FALSE
NASA_GLC,2247,1549670,26.148,94.8422,Nagaland,,"Tuensang-Shamatore(Sampurre) rd, Nagaland",landslide,downpour,2010-08-14,day,0,0,10km,morungexpress,TRUE,TRUE,FALSE,FALSE
NASA_GLC,313,1549732,25.7055,94.0132,Nagaland,,"NH-39 at Piphema,  6 km towards Dimapur from Kohima in Nagaland",landslide,rain,2007-10-16,day,0,0,5km,kanglaonline.com,TRUE,TRUE,FALSE,FALSE
NASA_GLC,3532,1549770,25.0888,92.8551,Assam,,"Silchar-Haflong rd., at Reko(Rekha )(?), near Harangajao, Barail Hills, Assam",complex,downpour,2011-05-24,day,0,0,10km,articles.timesofindia,TRUE,TRUE,FALSE,FALSE
NASA_GLC,6970,1549776,25.5084,90.2191,Meghalaya,,Akonggre,rock_fall,downpour,2015-06-16,day,1,0,1km,The Shillong Times,TRUE,TRUE,FALSE,FALSE
NASA_GLC,6284,1549948,26.1324,91.8342,Assam,,Batahghuli,landslide,rain,2014-09-22,day,0,1,5km,Assam Tribune,TRUE,TRUE,FALSE,FALSE
NASA_GLC,9251,1549957,25.8702,94.7844,Nagaland,,"Government Middle School (GMS) Kiphire station âBâ, Kiphire, Nagaland, India",landslide,downpour,2016-07-28,day,0,0,1km,Nagaland Post,TRUE,TRUE,FALSE,FALSE
NASA_GLC,7253,1549989,24.7979,92.9974,Assam,,Lakhipur,landslide,continuous_rain,2015-07-22,day,5,0,5km,Assam Times,TRUE,TRUE,FALSE,FALSE
NASA_GLC,5603,1550027,25.426,94.6024,Manipur,,"Tusom, Manipur",mudslide,downpour,2013-10-13,day,0,0,5km,www.indiatvnews.com,TRUE,TRUE,FALSE,FALSE
NASA_GLC,7591,1550040,25.0318,92.4584,Assam,,Ratacherra,landslide,rain,2015-03-19,day,0,0,5km,International Business Times,TRUE,TRUE,FALSE,FALSE
NASA_GLC,4434,1550044,26.1049,91.7369,Assam,,"Sonaighuli area near Kahilipara, Guwahati City, Assam",landslide,downpour,2012-06-25,day,1,0,1km,thesop.org,TRUE,TRUE,FALSE,FALSE
NASA_GLC,5582,1550047,26.1309,91.8383,Assam,,"Batahguli, Guwahati, Assam",landslide,downpour,2013-10-06,day,1,0,5km,articles.timesofindia.indiatimes.com,TRUE,TRUE,FALSE,FALSE
NASA_GLC,3556,1550051,25.1555,93.8474,Manipur,,"Roads between Tamei(Tamma?), Kangpokpi and Chalwa, Manipur",landslide,continuous_rain,2011-05-31,day,0,0,25km,e-pao.net,TRUE,TRUE,FALSE,FALSE
NASA_GLC,2569,1550053,25.2745,94.0212,Manipur,,"Bungte Chiru village(?), Senapati district, Manipur",landslide,downpour,2010-10-08,day,0,0,5km,e-pao.net,TRUE,TRUE,FALSE,FALSE
NASA_GLC,3806,1550074,27.1032,93.6884,Arunachal Pradesh,,"Itanagar (one near Pachali power house, one near Heema Hospital, and one nearRomik Colony at P Sector)",landslide,downpour,2011-07-19,day,3,0,10km,ibnlive.in,TRUE,TRUE,FALSE,FALSE
NASA_GLC,4407,1550101,25.0951,92.3567,Meghalaya,,"NH44, Malidhor area,  Baleswar",landslide,downpour,2012-06-13,day,0,0,50km,zeenews.india,TRUE,TRUE,FALSE,FALSE
NASA_GLC,3738,1550106,24.8063,93.9482,Manipur,,"National Highway 53, Sinam Khul (near Kotlen; ~25 km from Imphal)",landslide,downpour,2011-07-06,day,6,0,50km,e-pao.net,TRUE,TRUE,FALSE,FALSE
NASA_GLC,5575,1550121,25.8266,94.1497,Nagaland,,"Chiechama, Nagaland",mudslide,continuous_rain,2013-10-05,day,0,0,5km,www.business-standard.com,TRUE,TRUE,FALSE,FALSE
NASA_GLC,6945,1550137,25.16,93.686,Manipur,,"amei to Kangpokpi via Imphal road, 0.5 km from Tamei, Tamenglang District",landslide,monsoon,2015-06-19,day,0,0,1km,E-Pao,TRUE,TRUE,FALSE,FALSE
NASA_GLC,2343,1550164,25.4786,94.1327,Manipur,,"NH-39 at Ekai village(?), 2 km for Tadubi, Manipur",landslide,downpour,2010-08-27,day,0,0,5km,e-pao,TRUE,TRUE,FALSE,FALSE
NASA_GLC,5441,1550168,28.611,94.9829,Arunachal Pradesh,,"Gosang Village Under Jengging Circle, Arunachal Pradesh",landslide,downpour,2013-09-02,day,0,0,5km,articles.timesofindia.indiatimes.com,TRUE,TRUE,FALSE,FALSE
NASA_GLC,2205,1550595,23.7365,92.7146,Mizoram,,"Dawrpui Vengthar cemetary, Aizwal, Mizoram",landslide,downpour,2010-08-06,day,0,0,1km,gsi.gov,TRUE,TRUE,FALSE,FALSE
NASA_GLC,4411,1550631,27.339,88.6065,Sikkim,,"Tathangchen, Gangtok, Sikkim",landslide,downpour,2012-06-14,day,0,0,5km,isikkim.com,TRUE,TRUE,FALSE,FALSE
NASA_GLC,7387,1550664,24.954,94.2156,Manipur,,Imphal-Ukhrul road,landslide,continuous_rain,2015-08-01,day,0,0,50km,E-PAO,TRUE,TRUE,FALSE,FALSE
NASA_GLC,6291,1550674,25.7354,90.3852,Meghalaya,,National Highway 51,landslide,continuous_rain,2014-09-21,day,0,0,25km,Indian Express,TRUE,TRUE,FALSE,FALSE
NASA_GLC,9917,1550755,24.768609,92.821182,Assam,,"Silchar, Assam, India",landslide,flooding,2016-09-01,day,4,0,50km,EENADU India,TRUE,TRUE,FALSE,FALSE
NASA_GLC,4908,1550815,27.3721,88.708,Sikkim,,"15 Km From Gangtok, Himalayans",landslide,downpour,2013-06-08,day,0,0,25km,www.business-standard.com,TRUE,TRUE,FALSE,FALSE
NASA_GLC,4384,1550827,25.1775,93.0123,Assam,,"between Haflong and  Bagetar, Assam",landslide,downpour,2012-06-03,day,0,0,5km,articles.timesofindia,TRUE,TRUE,FALSE,FALSE
NASA_GLC,6214,1550208,25.9702,91.8587,Meghalaya,,Jorabat-Umiam route,landslide,rain,2014-10-05,day,1,0,5km,The Telegraph,TRUE,TRUE,FALSE,FALSE
NASA_GLC,9948,1550283,24.95178179,94.20340026,Manipur,,"NH-150, Ukhrul Central, Ukhrul, Manipur, 795142",landslide,rain,2017-07-01,day,0,0,1km,The Northeast Today,TRUE,TRUE,FALSE,FALSE
NASA_GLC,57,1550301,27.4459,88.6193,Sikkim,,"Sikkim, 13 km north of Gangtok",landslide,downpour,2007-04-11,day,0,0,5km,WebIndia123.com,TRUE,TRUE,FALSE,FALSE
NASA_GLC,141,1550317,25.38,91.88,Meghalaya,,Singtam,landslide,rain,2007-07-26,day,0,0,50km,thestatesman.net,TRUE,TRUE,FALSE,FALSE
NASA_GLC,3983,1550318,26.1548,91.7351,Assam,,"Maighuli, Guwahati, Meghalaya",landslide,downpour,2011-09-23,day,4,0,unknown,nbtvlive,TRUE,TRUE,FALSE,FALSE
NASA_GLC,3663,1550321,25.6682,94.1099,Nagaland,,"Ruzapfu valley, Kikruma Village, Phek District, Nagaland",landslide,downpour,2011-06-28,day,0,0,50km,morungexpress,TRUE,TRUE,FALSE,FALSE
NASA_GLC,2578,1550343,25.3179,94.0462,Manipur,,"NH-39 in Karong area, Manipur",landslide,downpour,2010-10-09,day,0,0,5km,e-pao,TRUE,TRUE,FALSE,FALSE
NASA_GLC,7370,1550346,24.1419,94.1078,Manipur,,between Moltuk to New Songjang village,landslide,continuous_rain,2015-08-01,day,0,0,5km,E-PAO,TRUE,TRUE,FALSE,FALSE
NASA_GLC,213,1550499,25.2946,92.8339,Assam,,Shillong Road at Kuliang in the Jaintia Hills,landslide,rain,2007-08-26,day,0,0,unknown,Telegraph India,TRUE,TRUE,FALSE,FALSE
NASA_GLC,5272,1550517,26.2083,94.5438,Nagaland,,"Longsa, Nagaland",landslide,monsoon,2013-08-04,day,0,0,1km,www.nagalandpost.com,TRUE,TRUE,FALSE,FALSE
NASA_GLC,5312,1550542,26.7103,94.693,Nagaland,,Kangtsung Village,landslide,downpour,2013-08-11,day,0,0,10km,www.nagalandpost.com,TRUE,TRUE,FALSE,FALSE
